cpuUsed,memUsed,Submit_day,Submit_Hour
4250.0,5.12,5.0,0.0
4505.0,12.288,5.0,0.0
4254.0,5.12,5.0,0.0
8641.0,12.288,5.0,0.0
4487.0,5.12,5.0,0.0
8641.0,12.288,5.0,0.0
4400.0,5.12,5.0,0.0
8641.0,12.288,5.0,0.0
4366.0,5.12,5.0,0.0
8640.0,12.288,5.0,0.0
4407.0,5.12,5.0,0.0
8640.0,12.288,5.0,0.0
4643.0,5.12,5.0,0.0
8640.0,12.288,5.0,0.0
4524.0,5.12,5.0,0.0
8640.0,12.288,5.0,0.0
3634.0,1.024,5.0,0.0
2534.0,1.024,5.0,0.0
2538.0,1.024,5.0,0.0
2508.0,1.024,5.0,0.0
3646.0,1.024,5.0,0.0
2519.0,1.024,5.0,0.0
2522.0,1.024,5.0,0.0
2546.0,1.024,5.0,0.0
1296.0,70.656,5.0,0.0
3685.0,1.024,5.0,0.0
4292.0,5.12,5.0,0.0
4292.0,12.288,5.0,0.0
3780.0,1.024,5.0,0.0
4291.0,5.12,5.0,0.0
4291.0,12.288,5.0,0.0
3736.0,1.024,5.0,0.0
20201.0,5.12,5.0,0.0
10369.0,12.288,5.0,0.0
3766.0,1.024,5.0,0.0
18713.0,5.12,5.0,0.0
10369.0,12.288,5.0,0.0
3946.0,1.024,5.0,0.0
15191.0,5.12,5.0,0.0
10369.0,12.288,5.0,0.0
3822.0,1.024,5.0,0.0
18488.0,5.12,5.0,0.0
10368.0,12.288,5.0,0.0
3660.0,1.024,5.0,0.0
20047.0,5.12,5.0,0.0
10368.0,12.288,5.0,0.0
3636.0,1.024,5.0,0.0
18553.0,5.12,5.0,0.0
10368.0,12.288,5.0,0.0
324.0,1.024,5.0,1.0
72.0,1.024,5.0,1.0
27.0,1.024,5.0,1.0
72.0,4.096,5.0,1.0
2.0,1.024,5.0,1.0
2.0,1.024,5.0,1.0
3.0,1.024,5.0,1.0
3.0,1.024,5.0,1.0
2.0,1.024,5.0,1.0
2.0,1.024,5.0,1.0
4.0,2.048,5.0,1.0
4.0,2.048,5.0,1.0
4.0,2.048,5.0,1.0
3.0,1.024,5.0,1.0
3.0,1.024,5.0,1.0
332.0,14.335999999999999,5.0,1.0
27.0,1904.64,5.0,1.0
6.0,4.096,5.0,2.0
6.0,4.096,5.0,2.0
6.0,4.096,5.0,2.0
6.0,4.096,5.0,2.0
6.0,4.096,5.0,2.0
543.0,1298.432,5.0,2.0
593.0,1385.4720000000002,5.0,2.0
587.0,1377.28,5.0,2.0
1042.0,1234.944,5.0,2.0
1119.0,1412.096,5.0,2.0
1436.0,2202.624,5.0,2.0
753.0,2484.224,5.0,2.0
3306.0,3723.264,5.0,2.0
4004.0,1662.976,5.0,2.0
3976.0,1730.56,5.0,2.0
884.0,2205.696,5.0,2.0
2.0,1.024,5.0,2.0
72.0,1.024,5.0,2.0
71.0,2853.9,5.0,2.0
35.0,1107.96,5.0,3.0
53.0,161.796,5.0,3.0
57.0,173.05200000000002,5.0,3.0
6412.0,5090.304,5.0,3.0
94.0,1044.48,5.0,3.0
1729.0,321.536,5.0,3.0
193.0,1178.628,5.0,3.0
346.0,1410.0479999999998,5.0,3.0
4777.0,2548.736,5.0,3.0
4709.0,2607.104,5.0,3.0
714.0,1583.104,5.0,3.0
740.0,1020.928,5.0,3.0
876.0,1457.152,5.0,3.0
3843.0,3329.0240000000003,5.0,3.0
609.0,1345.536,5.0,3.0
627.0,1329.152,5.0,3.0
624.0,1354.7520000000002,5.0,3.0
1021.0,910.336,5.0,3.0
1036.0,946.176,5.0,3.0
1040.0,943.1039999999999,5.0,3.0
466.0,339.968,5.0,3.0
536.0,386.048,5.0,3.0
537.0,391.168,5.0,3.0
1070.0,968.704,5.0,3.0
1045.0,951.296,5.0,3.0
1007.0,1405.9520000000002,5.0,3.0
1305.0,2350.08,5.0,3.0
1381.0,2269.1839999999997,5.0,3.0
57.0,176.12400000000002,5.0,3.0
5.0,4.096,5.0,3.0
419.0,4.096,5.0,3.0
311.0,7291.92,5.0,3.0
1689.0,12249.12,5.0,3.0
38.0,1149.96,5.0,4.0
39.0,1172.472,5.0,4.0
78.0,775.1759999999998,5.0,4.0
1530.0,1934.352,5.0,4.0
3.0,1.024,5.0,4.0
19.0,2.048,5.0,4.0
425.0,902.16,5.0,4.0
6.0,1.024,5.0,4.0
1909.0,63.488,5.0,4.0
1064.0,2.048,5.0,4.0
37.0,1140.744,5.0,5.0
2520.0,332.80800000000005,5.0,5.0
4.0,1.02,5.0,5.0
11.0,1.024,5.0,5.0
919.0,1559.5520000000001,5.0,5.0
2519.0,3494.9120000000003,5.0,5.0
3210.0,5976.064,5.0,5.0
10.0,1.024,5.0,5.0
3255.0,543.744,5.0,5.0
62.0,1.024,5.0,5.0
3539.0,3546.112,5.0,5.0
4.0,2.048,5.0,6.0
4.0,2.048,5.0,6.0
14.0,48.128,5.0,6.0
3382.0,2745.344,5.0,6.0
72.0,1.024,5.0,6.0
509.0,55.29600000000001,5.0,6.0
1872.0,80.898,5.0,6.0
73.0,53.248000000000005,5.0,6.0
543.0,1344.5120000000002,5.0,7.0
1305.0,2345.984,5.0,7.0
101.0,2132.992,5.0,7.0
208.0,8748.036,5.0,7.0
2611.0,62.464,5.0,7.0
2808.0,62.464,5.0,7.0
449.0,55.29600000000001,5.0,7.0
443.0,55.29600000000001,5.0,7.0
1448.0,59.391999999999996,5.0,7.0
2809.0,62.464,5.0,7.0
2808.0,62.464,5.0,7.0
2809.0,62.464,5.0,7.0
30118.0,2.048,5.0,7.0
29463.0,2.048,5.0,7.0
28797.0,2.048,5.0,7.0
28021.0,2.048,5.0,7.0
27676.0,2.048,5.0,7.0
27056.0,2.048,5.0,7.0
26439.0,2.048,5.0,7.0
25771.0,2.048,5.0,7.0
1337.0,2281.472,5.0,7.0
32213.0,2.048,5.0,7.0
31805.0,2.048,5.0,7.0
33934.0,2.048,5.0,7.0
33547.0,2.048,5.0,7.0
443.0,817.1519999999999,5.0,8.0
1891.0,2311.1639999999998,5.0,8.0
81.0,104.448,5.0,8.0
138.0,6886.404,5.0,8.0
1302.0,110.59199999999998,5.0,8.0
15178.0,1112.0639999999999,5.0,9.0
1732.0,159.744,5.0,9.0
707.0,1.024,5.0,9.0
1022.0,1425.408,5.0,9.0
1374.0,2334.72,5.0,9.0
5.0,1.024,5.0,9.0
2520.0,297.9840000000001,5.0,9.0
5842.0,20582.4,5.0,9.0
1792.0,44.032,5.0,9.0
1099.0,158.71200000000005,5.0,9.0
2074.0,25604.1,5.0,9.0
33.0,2265.06,5.0,9.0
4674.0,17480.7,5.0,9.0
1198.0,1518.592,5.0,9.0
1488.0,2208.768,5.0,9.0
4897.0,16733.192000000006,5.0,9.0
5.0,8.176,5.0,9.0
3.0,14.352,5.0,9.0
3.0,4.08,5.0,9.0
3.0,5.1000000000000005,5.0,9.0
25.0,1.024,5.0,9.0
14.0,16274.425,5.0,10.0
2596.0,141.312,5.0,10.0
1266.0,2285.5679999999998,5.0,10.0
1264.0,2276.3520000000003,5.0,10.0
1220.0,2110.464,5.0,11.0
15971.0,55.29600000000001,5.0,11.0
1266.0,2206.72,5.0,11.0
12.0,3861.5040000000004,5.0,11.0
316.0,1507.332,5.0,11.0
1341.0,2166.784,5.0,11.0
3023.0,1370.112,5.0,11.0
805.0,1434.624,5.0,11.0
3023.0,2208.768,5.0,11.0
1240.0,2257.92,5.0,11.0
1061.0,1413.12,5.0,12.0
1344.0,2174.976,5.0,12.0
1243.0,2244.6079999999997,5.0,12.0
156.0,13118.471999999998,5.0,12.0
10.0,24.576,5.0,12.0
10.0,2202.624,5.0,12.0
12065.0,592.896,5.0,12.0
12131.0,543.744,5.0,12.0
91.0,237.57,5.0,12.0
92.0,239.61599999999999,5.0,12.0
62.0,172.032,5.0,12.0
66.0,226.30200000000002,5.0,12.0
62.0,201.726,5.0,12.0
62.0,179.202,5.0,12.0
55.0,172.032,5.0,12.0
43.0,152.57399999999996,5.0,12.0
53.0,167.93400000000003,5.0,12.0
48.0,151.554,5.0,12.0
57.0,181.248,5.0,12.0
44.0,148.482,5.0,12.0
44.0,152.57399999999996,5.0,12.0
36.0,123.906,5.0,12.0
35.0,124.92600000000002,5.0,12.0
35.0,119.80799999999999,5.0,12.0
39.0,127.99799999999999,5.0,12.0
32.0,106.494,5.0,12.0
25.0,89.08800000000002,5.0,12.0
24.0,83.97,5.0,12.0
26.0,94.206,5.0,12.0
23.0,79.872,5.0,12.0
17.0,59.39399999999999,5.0,12.0
13.0,51.19799999999999,5.0,12.0
11.0,41.982,5.0,12.0
9.0,34.818000000000005,5.0,12.0
9.0,32.766000000000005,5.0,12.0
6.0,20.477999999999998,5.0,12.0
5.0,17.406,5.0,12.0
4.0,11.262,5.0,12.0
3.0,6.144,5.0,12.0
2.0,7.17,5.0,12.0
3.0,11.262,5.0,12.0
2.0,7.17,5.0,12.0
2.0,6.144,5.0,12.0
2.0,5.118,5.0,12.0
14.0,1028.096,5.0,12.0
2.0,5.118,5.0,12.0
4.0,16.386,5.0,12.0
4.0,16.386,5.0,12.0
4.0,15.36,5.0,12.0
4.0,15.36,5.0,12.0
4.0,12.288,5.0,12.0
3.0,9.216000000000001,5.0,12.0
3.0,8.19,5.0,12.0
5.0,15.36,5.0,12.0
3.0,11.262,5.0,12.0
111.0,205.824,5.0,12.0
86.0,216.06,5.0,12.0
57.0,195.588,5.0,12.0
80.0,217.092,5.0,12.0
86.0,238.59599999999998,5.0,12.0
93.0,249.85200000000003,5.0,12.0
80.0,226.308,5.0,12.0
70.0,208.896,5.0,12.0
79.0,225.27599999999998,5.0,12.0
72.0,210.94799999999998,5.0,12.0
72.0,211.968,5.0,12.0
67.0,219.132,5.0,12.0
61.0,206.84400000000002,5.0,12.0
59.0,193.53599999999997,5.0,12.0
47.0,178.17600000000004,5.0,12.0
53.0,178.17600000000004,5.0,12.0
67.0,218.112,5.0,12.0
63.0,211.968,5.0,12.0
53.0,193.53599999999997,5.0,12.0
55.0,191.484,5.0,12.0
54.0,185.34,5.0,12.0
52.0,191.484,5.0,12.0
40.0,164.868,5.0,12.0
33.0,141.312,5.0,12.0
25.0,115.71600000000001,5.0,12.0
26.0,121.86,5.0,12.0
24.0,106.5,5.0,12.0
22.0,108.54,5.0,12.0
17.0,82.944,5.0,12.0
19.0,97.28399999999999,5.0,12.0
11.0,60.42,5.0,13.0
4.0,23.555999999999997,5.0,13.0
5.0,32.772,5.0,13.0
3.0,21.504,5.0,13.0
5.0,38.916,5.0,13.0
22416.0,10184.704,5.0,13.0
1050.0,949.248,5.0,13.0
1045.0,972.8,5.0,13.0
558.0,514.048,5.0,13.0
534.0,346.11199999999997,5.0,13.0
525.0,378.88,5.0,13.0
577.0,373.76,5.0,13.0
540.0,350.208,5.0,13.0
448.0,333.824,5.0,13.0
72.0,1.024,5.0,13.0
1051.0,941.056,5.0,13.0
601.0,389.12,5.0,13.0
11.0,2365.488,5.0,15.0
270.0,9.216000000000001,5.0,16.0
72.0,2.052,5.0,19.0
2592.0,61.44,5.0,22.0
2111.0,60.416000000000004,5.0,22.0
4323.0,1236.992,5.0,22.0
1027.0,12621.84,5.0,23.0
10801.0,1175.556,5.0,23.0
10890.0,1568.7720000000002,5.0,23.0
10801.0,2049.024000000001,5.0,23.0
3.0,6.119999999999999,5.0,23.0
96.0,197.632,6.0,0.0
10.0,2211.84,6.0,0.0
154.0,130.048,6.0,0.0
14011.0,405.504,6.0,0.0
1171.0,1350.656,6.0,0.0
1446.0,1899.52,6.0,0.0
993.0,1388.5439999999999,6.0,0.0
1314.0,2364.416,6.0,0.0
120890.0,94.208,6.0,0.0
123175.0,94.208,6.0,0.0
121703.0,94.208,6.0,0.0
118655.0,94.208,6.0,0.0
120840.0,94.208,6.0,0.0
116912.0,94.208,6.0,0.0
116902.0,94.208,6.0,0.0
116225.0,94.208,6.0,0.0
115185.0,94.208,6.0,0.0
116625.0,94.208,6.0,0.0
49639.0,81.92,6.0,0.0
50733.0,81.92,6.0,0.0
50537.0,81.92,6.0,0.0
49896.0,77.824,6.0,0.0
53448.0,82.944,6.0,0.0
54594.0,82.944,6.0,0.0
51483.0,78.848,6.0,0.0
40405.0,80.896,6.0,0.0
41039.0,80.896,6.0,0.0
39858.0,80.896,6.0,0.0
39872.0,80.896,6.0,0.0
39911.0,80.896,6.0,0.0
40771.0,80.896,6.0,0.0
39720.0,80.896,6.0,0.0
39912.0,80.896,6.0,0.0
39116.0,80.896,6.0,0.0
39085.0,80.896,6.0,0.0
38336.0,80.896,6.0,0.0
38831.0,80.896,6.0,0.0
38552.0,80.896,6.0,0.0
38876.0,80.896,6.0,0.0
39396.0,80.896,6.0,0.0
39230.0,80.896,6.0,0.0
39492.0,80.896,6.0,0.0
38967.0,80.896,6.0,0.0
41168.0,81.92,6.0,0.0
43023.0,81.92,6.0,0.0
41678.0,81.92,6.0,0.0
41515.0,81.92,6.0,0.0
40869.0,80.896,6.0,0.0
40545.0,80.896,6.0,0.0
40689.0,80.896,6.0,0.0
41552.0,80.896,6.0,0.0
40777.0,80.896,6.0,0.0
40821.0,80.896,6.0,0.0
40407.0,80.896,6.0,0.0
40726.0,80.896,6.0,0.0
38561.0,80.896,6.0,0.0
39387.0,80.896,6.0,0.0
38608.0,80.896,6.0,0.0
89726.0,94.208,6.0,0.0
88675.0,94.208,6.0,0.0
90838.0,94.208,6.0,0.0
89215.0,94.208,6.0,0.0
89458.0,94.208,6.0,0.0
90963.0,94.208,6.0,0.0
93582.0,94.208,6.0,0.0
98274.0,94.208,6.0,0.0
98424.0,94.208,6.0,0.0
96552.0,94.208,6.0,0.0
41867.0,81.92,6.0,0.0
42227.0,81.92,6.0,0.0
42107.0,81.92,6.0,0.0
42185.0,81.92,6.0,0.0
42177.0,81.92,6.0,0.0
42153.0,81.92,6.0,0.0
42280.0,81.92,6.0,0.0
53296.0,82.944,6.0,0.0
52973.0,82.944,6.0,0.0
52180.0,82.944,6.0,0.0
52044.0,82.944,6.0,0.0
53568.0,82.944,6.0,0.0
52331.0,81.92,6.0,0.0
54021.0,81.92,6.0,0.0
51708.0,81.92,6.0,0.0
53508.0,81.92,6.0,0.0
54169.0,82.944,6.0,0.0
54521.0,81.92,6.0,0.0
55243.0,82.944,6.0,0.0
52432.0,82.944,6.0,0.0
26057.0,82.944,6.0,0.0
52678.0,82.944,6.0,0.0
23525.0,81.92,6.0,0.0
40283.0,80.896,6.0,0.0
40015.0,80.896,6.0,0.0
40789.0,80.896,6.0,0.0
40228.0,80.896,6.0,0.0
40560.0,80.896,6.0,0.0
40992.0,80.896,6.0,0.0
40488.0,80.896,6.0,0.0
50984.0,82.944,6.0,0.0
53252.0,81.92,6.0,0.0
38872.0,80.896,6.0,0.0
38332.0,80.896,6.0,0.0
38820.0,80.896,6.0,0.0
38330.0,80.896,6.0,0.0
38341.0,80.896,6.0,0.0
52322.0,81.92,6.0,0.0
50206.0,81.92,6.0,0.0
38491.0,80.896,6.0,0.0
503.0,323.584,6.0,0.0
530.0,339.968,6.0,0.0
2271.0,154.624,6.0,0.0
18.0,1.024,6.0,0.0
1514.0,2239.488,6.0,0.0
99.0,21660.672000000002,6.0,0.0
70.0,234.49599999999998,6.0,1.0
10025.0,306.18,6.0,1.0
381.0,261.12,6.0,1.0
7.0,197.632,6.0,1.0
1190.0,1559.5520000000001,6.0,1.0
11.0,3.072,6.0,1.0
1082.0,38.912,6.0,1.0
8198.0,3780.6079999999997,6.0,1.0
7458.0,3420.16,6.0,1.0
7380.0,3103.744,6.0,1.0
13453.0,3348.48,6.0,1.0
13415.0,3094.528,6.0,1.0
18491.0,2707.4559999999997,6.0,1.0
18520.0,2902.0159999999996,6.0,1.0
17308.0,2568.192,6.0,1.0
17253.0,3035.136,6.0,1.0
17173.0,3073.0240000000003,6.0,1.0
37752.0,1858.56,6.0,1.0
37235.0,1905.664,6.0,1.0
36916.0,1984.5120000000002,6.0,1.0
12160.0,2019.328,6.0,1.0
12209.0,1762.3039999999999,6.0,1.0
8399.0,2965.5040000000004,6.0,1.0
8231.0,3038.208,6.0,1.0
8387.0,2871.296,6.0,1.0
8207.0,2919.4240000000004,6.0,1.0
8044.0,2913.28,6.0,1.0
9581.0,2091.008,6.0,1.0
9836.0,2481.152,6.0,1.0
10242.0,2136.064,6.0,1.0
9240.0,2142.208,6.0,1.0
10749.0,1727.4879999999998,6.0,1.0
12259.0,1789.9520000000002,6.0,1.0
12573.0,2003.9679999999998,6.0,1.0
11958.0,2084.864,6.0,1.0
11954.0,2083.84,6.0,1.0
11249.0,2337.792,6.0,1.0
11529.0,2058.24,6.0,1.0
12049.0,1882.112,6.0,1.0
9872.0,2243.584,6.0,1.0
10046.0,2041.856,6.0,1.0
10114.0,2281.472,6.0,1.0
9563.0,2158.592,6.0,1.0
9721.0,2653.184,6.0,1.0
9049.0,2598.9120000000003,6.0,1.0
9012.0,2116.6079999999997,6.0,1.0
8965.0,1815.5520000000001,6.0,1.0
6085.0,3633.152,6.0,1.0
5132.0,4897.792,6.0,1.0
5131.0,4913.152,6.0,1.0
4990.0,4957.184,6.0,1.0
5287.0,4620.288,6.0,1.0
3024.0,551.9399999999998,6.0,1.0
5640.0,744.444,6.0,2.0
1461.0,1937.412,6.0,2.0
486.0,925.704,6.0,2.0
42.0,1.024,6.0,2.0
2.0,1.024,6.0,2.0
72.0,1.024,6.0,2.0
499.0,326.664,6.0,2.0
1497.0,2091.024000000001,6.0,3.0
6993.0,9588.735999999999,6.0,3.0
113.0,14.34,6.0,3.0
76.0,1704.96,6.0,3.0
1211.0,1943.568,6.0,3.0
1170.0,2068.488,6.0,4.0
361.0,69.632,6.0,4.0
1444.0,2086.92,6.0,4.0
7235.0,659.46,6.0,4.0
9108.0,645.12,6.0,4.0
11824.0,1946.628,6.0,4.0
253.0,928.7639999999999,6.0,4.0
11269.0,1172.484,6.0,4.0
12334.0,1262.5919999999999,6.0,4.0
12606.0,1217.532,6.0,4.0
292.0,925.704,6.0,4.0
5.0,174.084,6.0,4.0
327.0,945.1439999999999,6.0,4.0
254.0,887.796,6.0,4.0
13421.0,19265.532,6.0,4.0
6842.0,1756.16,6.0,4.0
276.0,9967.616,6.0,4.0
142151.0,13929.472,6.0,5.0
1658.0,367.616,6.0,6.0
21.0,1.024,6.0,6.0
21.0,1.024,6.0,6.0
776.0,10934.24,6.0,6.0
1338.0,2280.448,6.0,7.0
4755.0,1530.88,6.0,7.0
44.0,2955.264,6.0,7.0
14029.0,364.54400000000004,6.0,9.0
18145.0,202.752,6.0,9.0
3514.0,2987.008,6.0,9.0
1432.0,2210.8160000000003,6.0,9.0
1450.0,2224.1279999999997,6.0,9.0
1119.0,1388.5439999999999,6.0,9.0
8.0,1.024,6.0,9.0
498.0,290.816,6.0,9.0
776.0,11315.2,6.0,9.0
642.0,11592.72,6.0,9.0
674.0,10276.88,6.0,9.0
2.0,4.08,6.0,9.0
1063.0,1418.24,6.0,9.0
1362.0,2221.056,6.0,9.0
1208.0,1505.28,6.0,9.0
1424.0,2225.152,6.0,9.0
5.0,1.024,6.0,10.0
2.0,2.052,6.0,12.0
7.0,5.124,6.0,13.0
9.0,1.02,6.0,14.0
44.0,1.024,6.0,15.0
2.0,1.024,6.0,15.0
18.0,1.024,6.0,16.0
279.0,9.216000000000001,6.0,16.0
9.0,1.02,6.0,22.0
13.0,1.024,7.0,0.0
6341.0,143.36,7.0,0.0
9.0,1.024,7.0,1.0
326.0,27.648000000000003,7.0,1.0
9.0,23.552,7.0,1.0
477.0,322.56,7.0,1.0
486.0,321.536,7.0,1.0
468.0,357.376,7.0,1.0
328.0,281.6,7.0,1.0
331.0,280.57599999999996,7.0,1.0
305.0,257.024,7.0,1.0
302.0,256.0,7.0,1.0
288.0,275.45599999999996,7.0,1.0
354.0,302.08,7.0,1.0
299.0,254.976,7.0,1.0
1971.0,398.32800000000003,7.0,1.0
914.0,185.352,7.0,1.0
941.0,175.104,7.0,1.0
175.0,1.024,7.0,2.0
2224.0,1182.72,7.0,2.0
2376.0,62.464,7.0,2.0
956.0,55.29600000000001,7.0,2.0
81217.0,301.056,7.0,2.0
1950.0,59.391999999999996,7.0,2.0
995.0,403.45599999999996,7.0,2.0
2563.0,35.84,7.0,2.0
2807.0,35.84,7.0,2.0
2659.0,36.864000000000004,7.0,2.0
648.0,37.888000000000005,7.0,2.0
648.0,37.888000000000005,7.0,2.0
1800.0,708.6120000000002,7.0,3.0
52434.0,82.944,7.0,3.0
52465.0,81.92,7.0,3.0
56692.0,82.944,7.0,3.0
11040.0,63.488,7.0,3.0
11167.0,63.488,7.0,3.0
11288.0,63.488,7.0,3.0
11124.0,63.488,7.0,3.0
11332.0,63.488,7.0,3.0
11164.0,63.488,7.0,3.0
11120.0,63.488,7.0,3.0
11076.0,63.488,7.0,3.0
11027.0,62.464,7.0,3.0
11162.0,63.488,7.0,3.0
11030.0,63.488,7.0,3.0
11168.0,63.488,7.0,3.0
11172.0,63.488,7.0,3.0
11354.0,63.488,7.0,3.0
11255.0,63.488,7.0,3.0
11096.0,63.488,7.0,3.0
11259.0,62.464,7.0,3.0
11155.0,63.488,7.0,3.0
3324.0,62.464,7.0,3.0
10438.0,54.272,7.0,3.0
10991.0,58.368,7.0,3.0
11296.0,59.391999999999996,7.0,3.0
10753.0,58.368,7.0,3.0
10540.0,54.272,7.0,3.0
7070.0,50.176,7.0,3.0
6953.0,50.176,7.0,3.0
6552.0,48.128,7.0,3.0
6428.0,47.104,7.0,3.0
5965.0,45.056000000000004,7.0,3.0
5938.0,45.056000000000004,7.0,3.0
4924.0,1926.144,7.0,3.0
5716.0,44.032,7.0,3.0
5909.0,45.056000000000004,7.0,3.0
5816.0,44.032,7.0,3.0
5706.0,44.032,7.0,3.0
5925.0,45.056000000000004,7.0,3.0
5794.0,44.032,7.0,3.0
5976.0,45.056000000000004,7.0,3.0
6241.0,46.08,7.0,3.0
5895.0,45.056000000000004,7.0,3.0
6872.0,49.152,7.0,3.0
6729.0,49.152,7.0,3.0
6735.0,49.152,7.0,3.0
6367.0,47.104,7.0,3.0
6593.0,48.128,7.0,3.0
6519.0,48.128,7.0,3.0
6857.0,49.152,7.0,3.0
6796.0,49.152,7.0,3.0
6895.0,49.152,7.0,3.0
6550.0,48.128,7.0,3.0
7069.0,50.176,7.0,3.0
6690.0,48.128,7.0,3.0
6894.0,49.152,7.0,3.0
6574.0,48.128,7.0,3.0
6547.0,48.128,7.0,3.0
6602.0,48.128,7.0,3.0
6172.0,46.08,7.0,3.0
5942.0,45.056000000000004,7.0,3.0
5948.0,45.056000000000004,7.0,3.0
5703.0,44.032,7.0,3.0
6002.0,45.056000000000004,7.0,3.0
38747.0,80.896,7.0,3.0
38741.0,80.896,7.0,3.0
38887.0,80.896,7.0,3.0
40281.0,80.896,7.0,3.0
50594.0,81.92,7.0,3.0
42009.0,81.92,7.0,3.0
41846.0,81.92,7.0,3.0
41739.0,81.92,7.0,3.0
41730.0,81.92,7.0,3.0
39979.0,80.896,7.0,3.0
51156.0,81.92,7.0,3.0
40214.0,80.896,7.0,3.0
39804.0,80.896,7.0,3.0
51354.0,81.92,7.0,3.0
51194.0,81.92,7.0,3.0
50638.0,81.92,7.0,3.0
50341.0,81.92,7.0,3.0
50247.0,81.92,7.0,3.0
39004.0,80.896,7.0,3.0
38778.0,80.896,7.0,3.0
3160.0,27627.480000000003,7.0,4.0
23328.0,207.872,7.0,4.0
1284.0,2238.464,7.0,4.0
389.0,902.16,7.0,5.0
5102.0,1206.288,7.0,5.0
4144.0,1507.32,7.0,5.0
4351.0,1350.648,7.0,5.0
4163.0,1511.424,7.0,5.0
4019.0,1692.684,7.0,5.0
8706.0,1594.368,7.0,7.0
4343.0,1577.984,7.0,7.0
737.0,708.6080000000001,7.0,7.0
780.0,771.072,7.0,7.0
655.0,704.512,7.0,7.0
655.0,701.44,7.0,7.0
278.0,233.472,7.0,7.0
292.0,248.832,7.0,7.0
241.0,237.56799999999998,7.0,7.0
232.0,232.44799999999998,7.0,7.0
253.0,243.71200000000002,7.0,7.0
28518.0,647.168,7.0,7.0
6.0,11.232000000000001,7.0,7.0
368.0,1.024,7.0,7.0
59.0,374.784,7.0,8.0
787.0,763.904,7.0,8.0
763.0,743.424,7.0,8.0
576.0,710.6560000000001,7.0,8.0
225.0,219.136,7.0,8.0
258.0,212.99200000000002,7.0,8.0
258.0,212.99200000000002,7.0,8.0
258.0,215.04,7.0,8.0
269.0,226.304,7.0,8.0
3434.0,274.44,7.0,8.0
3579.0,259.072,7.0,10.0
1729.0,1.024,7.0,10.0
442.0,915.444,7.0,10.0
43208.0,31.744,7.0,12.0
374.0,285.69599999999997,7.0,12.0
372.0,283.64799999999997,7.0,12.0
314.0,286.72,7.0,12.0
311.0,284.672,7.0,12.0
314.0,283.64799999999997,7.0,12.0
311.0,281.6,7.0,12.0
313.0,266.24,7.0,12.0
313.0,265.216,7.0,12.0
316.0,260.096,7.0,12.0
4699.0,4600.832,7.0,12.0
4927.0,4915.2,7.0,12.0
4635.0,4754.432,7.0,12.0
4516.0,4599.808,7.0,12.0
4593.0,4147.2,7.0,12.0
4683.0,3825.664,7.0,12.0
4672.0,4843.52,7.0,12.0
1528.0,120.84,7.0,12.0
435.0,403.45599999999996,7.0,12.0
399.0,369.664,7.0,12.0
400.0,369.664,7.0,12.0
402.0,368.64,7.0,12.0
19.0,1347.576,7.0,12.0
1463.0,221.18400000000003,7.0,12.0
33.0,14.34,7.0,15.0
8984.0,1909.76,7.0,16.0
8958.0,1809.408,7.0,16.0
11659.0,1904.64,7.0,16.0
11718.0,2268.16,7.0,16.0
10621.0,2137.0879999999997,7.0,16.0
3064.0,4643.84,7.0,16.0
7555.0,3037.184,7.0,16.0
7628.0,3342.336,7.0,16.0
7468.0,3248.1279999999997,7.0,16.0
2450.0,5500.928000000001,7.0,16.0
9270.0,3331.072,7.0,16.0
8793.0,3487.744,7.0,16.0
270.0,9.216000000000001,7.0,16.0
17.0,1.024,8.0,0.0
220.0,9.216000000000001,8.0,0.0
2851.0,413.7,8.0,0.0
293.0,879.6239999999999,8.0,0.0
14.0,474.12,8.0,1.0
11.0,1.024,8.0,1.0
13.0,17.408,8.0,1.0
241.0,900.1080000000001,8.0,1.0
7.0,24.576,8.0,2.0
29.0,5.12,8.0,2.0
5587.0,6.144,8.0,2.0
82.0,500.736,8.0,2.0
81.0,542.72,8.0,2.0
84.0,590.8480000000001,8.0,2.0
4723.0,6.144,8.0,2.0
3660.0,6.144,8.0,2.0
5456.0,6.144,8.0,2.0
7437.0,6.144,8.0,2.0
6670.0,6.144,8.0,2.0
5943.0,6.144,8.0,2.0
6140.0,6.144,8.0,2.0
5961.0,6.144,8.0,2.0
3561.0,6.144,8.0,2.0
5790.0,6.144,8.0,2.0
66.0,17366.016,8.0,2.0
79.0,558.08,8.0,2.0
78.0,557.056,8.0,2.0
84.0,601.0880000000001,8.0,2.0
80.0,572.4159999999999,8.0,2.0
80.0,585.7280000000001,8.0,2.0
84.0,587.776,8.0,2.0
81.0,573.44,8.0,3.0
543.0,1006.596,8.0,3.0
311.0,914.436,8.0,3.0
277.0,892.944,8.0,3.0
340.0,925.704,8.0,3.0
560.0,1022.9760000000001,8.0,3.0
612.0,1044.468,8.0,3.0
2.0,133.116,8.0,4.0
29.0,27207.68,8.0,4.0
3343.0,28986.36,8.0,4.0
71.0,228.34799999999998,8.0,4.0
700.0,2748.42,8.0,4.0
605.0,1050.624,8.0,4.0
61.0,22538.244,8.0,4.0
14753.0,1649.6640000000002,8.0,4.0
14754.0,1477.632,8.0,4.0
14748.0,1826.82,8.0,4.0
14320.0,1855.4879999999998,8.0,5.0
14952.0,985.092,8.0,5.0
15164.0,1134.5880000000002,8.0,5.0
14321.0,1253.376,8.0,5.0
14953.0,1375.236,8.0,5.0
11.0,1.024,8.0,5.0
63.0,1.024,8.0,5.0
3788.0,1.024,8.0,5.0
2.0,1.024,8.0,5.0
71.0,335.87199999999996,8.0,5.0
10.0,1.024,8.0,5.0
2.0,1.024,8.0,5.0
4.0,1.024,8.0,5.0
6.0,1.024,8.0,5.0
22.0,1.024,8.0,5.0
11.0,1.024,8.0,5.0
4.0,1.024,8.0,5.0
15.0,7.167999999999999,8.0,5.0
2076.0,82.944,8.0,6.0
88.0,229.38,8.0,6.0
90.0,242.688,8.0,6.0
3.0,1.024,8.0,6.0
20962.0,120.82799999999999,8.0,6.0
20962.0,121.86,8.0,6.0
20962.0,121.86,8.0,6.0
20962.0,121.86,8.0,6.0
20961.0,121.86,8.0,6.0
20963.0,120.82799999999999,8.0,6.0
2075.0,120.82799999999999,8.0,6.0
1868.0,82.944,8.0,6.0
1868.0,81.92399999999999,8.0,6.0
1868.0,81.92399999999999,8.0,6.0
1868.0,81.92399999999999,8.0,6.0
1868.0,81.92399999999999,8.0,6.0
1868.0,81.92399999999999,8.0,6.0
238.0,1138.692,8.0,6.0
48.0,24.576,8.0,6.0
259.0,3908.6,8.0,6.0
2066.0,130.04399999999998,8.0,6.0
15074.0,1357.8239999999998,8.0,6.0
15074.0,1358.844,8.0,6.0
15074.0,1354.7520000000002,8.0,6.0
1858.0,110.59199999999998,8.0,6.0
15074.0,1384.4520000000002,8.0,6.0
1858.0,113.664,8.0,6.0
1858.0,109.572,8.0,6.0
15074.0,1355.7720000000002,8.0,6.0
15074.0,1361.9160000000002,8.0,6.0
15074.0,1361.9160000000002,8.0,6.0
15074.0,1354.7520000000002,8.0,6.0
15074.0,1361.9160000000002,8.0,6.0
15074.0,1356.8039999999999,8.0,6.0
15074.0,1358.844,8.0,6.0
15074.0,1354.7520000000002,8.0,6.0
15074.0,1354.7520000000002,8.0,6.0
15074.0,1363.9679999999998,8.0,6.0
15.0,1.024,8.0,6.0
686.0,53.248000000000005,8.0,6.0
14.0,1.024,8.0,6.0
363.0,340.99199999999996,8.0,6.0
1215.0,4407.295999999999,8.0,6.0
8902.0,3290.112,8.0,6.0
7244.0,2480.1279999999997,8.0,6.0
65.0,1.024,8.0,6.0
109.0,64.512,8.0,6.0
940.0,349.184,8.0,7.0
8151.0,3624.96,8.0,7.0
3560.0,1524.744,8.0,7.0
12.0,1.024,8.0,7.0
17245.0,95.23200000000001,8.0,7.0
17245.0,95.23200000000001,8.0,7.0
17244.0,95.23200000000001,8.0,7.0
17267.0,95.23200000000001,8.0,7.0
17245.0,95.23200000000001,8.0,7.0
17244.0,95.23200000000001,8.0,7.0
17244.0,95.23200000000001,8.0,7.0
17244.0,95.23200000000001,8.0,7.0
17264.0,95.23200000000001,8.0,7.0
17290.0,95.23200000000001,8.0,7.0
17269.0,95.23200000000001,8.0,7.0
17290.0,95.23200000000001,8.0,7.0
17311.0,95.23200000000001,8.0,7.0
17290.0,95.23200000000001,8.0,7.0
17288.0,95.23200000000001,8.0,7.0
17288.0,95.23200000000001,8.0,7.0
17310.0,95.23200000000001,8.0,7.0
17286.0,95.23200000000001,8.0,7.0
17264.0,95.23200000000001,8.0,7.0
17286.0,95.23200000000001,8.0,7.0
17287.0,95.23200000000001,8.0,7.0
17109.0,94.208,8.0,7.0
17109.0,94.208,8.0,7.0
17087.0,94.208,8.0,7.0
17085.0,94.208,8.0,7.0
17063.0,94.208,8.0,7.0
16997.0,93.184,8.0,7.0
17172.0,94.208,8.0,7.0
17172.0,94.208,8.0,7.0
17174.0,94.208,8.0,7.0
694.0,189.44,8.0,7.0
2136.0,257.01599999999996,8.0,7.0
258.0,300.032,8.0,7.0
247.0,321.536,8.0,7.0
18893.0,55.29600000000001,8.0,7.0
18681.0,240.64,8.0,7.0
20911.0,250.88,8.0,7.0
19419.0,180.22400000000002,8.0,7.0
20912.0,221.18400000000003,8.0,7.0
20164.0,240.64,8.0,7.0
19417.0,248.832,8.0,7.0
18668.0,272.384,8.0,7.0
18686.0,264.192,8.0,7.0
72.0,1.024,8.0,7.0
352.0,138.24,8.0,7.0
362.0,197.632,8.0,7.0
362.0,191.488,8.0,7.0
356.0,187.392,8.0,7.0
520.0,2146.32,8.0,7.0
566.0,12.288,8.0,7.0
1320.0,196.608,8.0,8.0
12.0,1.024,8.0,8.0
108.0,63.492,8.0,8.0
273.0,1.02,8.0,8.0
3.0,1.024,8.0,8.0
513.0,4072.448,8.0,8.0
4.0,189.43599999999998,8.0,8.0
4114.0,1537.02,8.0,8.0
2687.0,979.956,8.0,9.0
5142.0,1526.796,8.0,9.0
10.0,2.048,8.0,12.0
133.0,296.964,8.0,12.0
31171.0,2.048,8.0,12.0
31127.0,2.048,8.0,12.0
30600.0,2.048,8.0,12.0
29753.0,2.048,8.0,12.0
29178.0,2.048,8.0,12.0
30463.0,2.048,8.0,12.0
27474.0,2.048,8.0,12.0
26853.0,2.048,8.0,12.0
10.0,1.024,8.0,13.0
1726.0,1.024,8.0,13.0
6.0,1.024,8.0,13.0
310.0,3937.28,8.0,13.0
72.0,1.024,8.0,13.0
18.0,13.328,8.0,14.0
10844.0,2032.64,8.0,14.0
45.0,338.944,8.0,15.0
2237.0,4730.88,8.0,16.0
126.0,1.024,8.0,17.0
76.0,10.248,8.0,17.0
2110.0,4671.488,8.0,17.0
6.0,1.024,8.0,18.0
2300.0,5057.536,8.0,18.0
40.0,1.024,8.0,18.0
5.0,1.024,8.0,19.0
797.0,346.11199999999997,8.0,20.0
84.0,1.024,8.0,20.0
503.0,2606.08,8.0,20.0
3.0,1.024,8.0,20.0
839.0,237.57,9.0,0.0
39.0,1.024,9.0,2.0
3.0,3.06,9.0,2.0
2.0,5.1000000000000005,9.0,2.0
24.0,1.024,9.0,3.0
6.0,1.02,9.0,4.0
2340.0,310.27200000000005,9.0,4.0
1245.0,114.696,9.0,4.0
3.0,140.28799999999998,9.0,5.0
15.0,717.824,9.0,5.0
18.0,896.0,9.0,5.0
15.0,835.584,9.0,5.0
15.0,814.08,9.0,5.0
15.0,802.816,9.0,5.0
14.0,828.416,9.0,5.0
5694.0,6.144,9.0,5.0
2.0,2.048,9.0,5.0
75908.0,96.256,9.0,5.0
540.0,1.024,9.0,5.0
2.0,1.02,9.0,5.0
57.0,1.024,9.0,6.0
1988.0,301181.952,9.0,6.0
1714.0,382625.792,9.0,6.0
1863.0,384526.336,9.0,7.0
6.0,4.096,9.0,7.0
14.0,2.048,9.0,7.0
3.0,1.024,9.0,8.0
4.0,25.6,9.0,8.0
3363.0,55.29600000000001,9.0,9.0
2490.0,711.672,9.0,10.0
1320.0,788.472,9.0,10.0
144.0,14.334000000000001,9.0,11.0
35.0,1.024,9.0,14.0
795.0,55.29600000000001,9.0,14.0
5274.0,6.144,9.0,15.0
65.0,1425.408,9.0,15.0
67.0,1186.816,9.0,15.0
37.0,1.024,9.0,15.0
71.0,1227.776,9.0,15.0
169.0,1.024,9.0,15.0
65.0,600.064,9.0,15.0
66.0,576.512,9.0,15.0
2513.0,2634.752,9.0,16.0
1847.0,2113.536,9.0,16.0
2600.0,2157.5679999999998,9.0,16.0
3512.0,1650.6879999999999,9.0,16.0
3098.0,1881.088,9.0,16.0
2696.0,2039.808,9.0,16.0
2753.0,1850.368,9.0,16.0
3069.0,2007.04,9.0,16.0
1207.0,2008.0639999999999,9.0,16.0
2600.0,2089.984,9.0,16.0
75.0,198.65599999999998,9.0,16.0
2722.0,1859.5839999999998,9.0,16.0
357.0,229.37599999999998,9.0,16.0
309.0,49.152,9.0,16.0
19.0,1.024,9.0,16.0
15.0,90.11200000000001,9.0,16.0
94.0,649.216,9.0,16.0
13.0,1.024,9.0,17.0
43.0,572.4159999999999,9.0,17.0
1239.0,1396.736,9.0,17.0
81.0,10.248,9.0,17.0
580.0,1888.256,9.0,17.0
723.0,2952.192,9.0,18.0
655.0,52.224,10.0,1.0
360.0,146.43,10.0,1.0
35051.0,248.832,10.0,1.0
969.0,317.448,10.0,2.0
19875.0,1.024,10.0,4.0
132.0,1.024,10.0,5.0
561.0,151.55200000000002,10.0,5.0
143.0,1.024,10.0,5.0
142.0,1.024,10.0,5.0
72.0,1.024,10.0,6.0
2238.0,22643.76,10.0,6.0
874.0,4909.068,10.0,6.0
903.0,4951.044,10.0,6.0
886.0,3490.812,10.0,6.0
13.0,1.024,10.0,7.0
5.0,1.024,10.0,7.0
547.0,1.024,10.0,7.0
558.0,1.024,10.0,7.0
562.0,1.024,10.0,7.0
555.0,1.024,10.0,7.0
564.0,1.024,10.0,7.0
2518.0,1.024,10.0,7.0
5126.0,4.096,10.0,9.0
4.0,1.024,10.0,9.0
75.0,2.048,10.0,9.0
5164.0,2.048,10.0,10.0
974.0,309.24,10.0,10.0
2520.0,327.672,10.0,10.0
20.0,1.024,10.0,11.0
6844.0,4760.576,10.0,11.0
7884.0,2.048,10.0,12.0
2.0,1.024,10.0,14.0
2592.0,218.112,10.0,14.0
922.0,933.8760000000001,10.0,14.0
3.0,1.024,10.0,15.0
6213.0,158.72,10.0,15.0
841.0,2.048,10.0,15.0
82.0,10.248,10.0,17.0
369.0,1.024,11.0,0.0
13.0,1.024,11.0,0.0
6498.0,612.352,11.0,0.0
916.0,243.70800000000003,11.0,1.0
940.0,249.85200000000003,11.0,1.0
940.0,250.88400000000001,11.0,1.0
31.0,797.6880000000001,11.0,1.0
13.0,1.024,11.0,1.0
12.0,1.024,11.0,1.0
66.0,61.44,11.0,2.0
7.0,24.576,11.0,2.0
61.0,59.391999999999996,11.0,2.0
60.0,58.368,11.0,2.0
60.0,58.368,11.0,2.0
61.0,58.368,11.0,2.0
61.0,59.391999999999996,11.0,2.0
64.0,60.416000000000004,11.0,2.0
64.0,60.416000000000004,11.0,2.0
63.0,60.416000000000004,11.0,2.0
64.0,59.391999999999996,11.0,2.0
64.0,59.391999999999996,11.0,2.0
60.0,96.256,11.0,2.0
50.0,150.528,11.0,2.0
522.0,4865.028,11.0,2.0
72.0,1.024,11.0,2.0
18.0,1.024,11.0,3.0
49.0,50.176,11.0,3.0
51.0,52.224,11.0,3.0
50.0,52.224,11.0,3.0
49.0,52.224,11.0,3.0
49.0,51.2,11.0,3.0
49.0,51.2,11.0,3.0
49.0,51.2,11.0,3.0
49.0,51.2,11.0,3.0
49.0,52.224,11.0,3.0
49.0,51.2,11.0,3.0
8.0,1.024,11.0,3.0
1232.0,2.048,11.0,3.0
100.0,15.36,11.0,3.0
22.0,1.024,11.0,3.0
126.0,89.088,11.0,3.0
124.0,88.064,11.0,3.0
123.0,88.064,11.0,3.0
125.0,92.16,11.0,3.0
126.0,88.064,11.0,3.0
124.0,89.088,11.0,3.0
124.0,88.064,11.0,3.0
125.0,88.064,11.0,3.0
125.0,89.088,11.0,3.0
125.0,88.064,11.0,3.0
1519.0,906.24,11.0,3.0
7.0,5.12,11.0,3.0
133.0,1.024,11.0,3.0
14.0,31.744,11.0,3.0
15.0,32.768,11.0,3.0
22.0,36.864000000000004,11.0,3.0
22.0,36.864000000000004,11.0,3.0
21.0,37.888000000000005,11.0,3.0
21.0,36.864000000000004,11.0,3.0
21.0,36.864000000000004,11.0,3.0
21.0,36.864000000000004,11.0,3.0
21.0,36.864000000000004,11.0,3.0
21.0,36.864000000000004,11.0,3.0
29.0,41.983999999999995,11.0,3.0
29.0,41.983999999999995,11.0,3.0
29.0,41.983999999999995,11.0,3.0
29.0,41.983999999999995,11.0,3.0
29.0,41.983999999999995,11.0,3.0
29.0,40.96,11.0,3.0
29.0,40.96,11.0,3.0
29.0,40.96,11.0,3.0
22.0,36.864000000000004,11.0,3.0
22.0,37.888000000000005,11.0,3.0
126.0,88.064,11.0,3.0
125.0,88.064,11.0,3.0
124.0,88.064,11.0,3.0
125.0,89.088,11.0,3.0
123.0,89.088,11.0,3.0
124.0,89.088,11.0,3.0
125.0,89.088,11.0,3.0
124.0,90.11200000000001,11.0,3.0
125.0,89.088,11.0,3.0
125.0,89.088,11.0,3.0
105.0,74.752,11.0,4.0
105.0,75.77600000000001,11.0,4.0
105.0,74.752,11.0,4.0
103.0,75.77600000000001,11.0,4.0
104.0,75.77600000000001,11.0,4.0
107.0,71.68,11.0,4.0
103.0,75.77600000000001,11.0,4.0
103.0,75.77600000000001,11.0,4.0
101.0,74.752,11.0,4.0
103.0,75.77600000000001,11.0,4.0
1892.0,990.216,11.0,4.0
31.0,1.024,11.0,4.0
2.0,6.144,11.0,4.0
505.0,1.024,11.0,4.0
3373.0,836.61,11.0,4.0
2146.0,447.486,11.0,4.0
2224.0,466.944,11.0,4.0
2286.0,395.26199999999994,11.0,4.0
1738.0,336.894,11.0,4.0
1460.0,236.544,11.0,4.0
2.0,82.94399999999997,11.0,4.0
1147.0,238.59,11.0,4.0
1820.0,779.2620000000002,11.0,4.0
16.0,1.026,11.0,4.0
92.0,47.106,11.0,4.0
32.0,1.026,11.0,4.0
24.0,1.026,11.0,4.0
24.0,1.026,11.0,4.0
405.0,184.32,11.0,4.0
26.0,3.072,11.0,4.0
29.0,1.026,11.0,4.0
30.0,1.026,11.0,4.0
32.0,3.072,11.0,4.0
23.0,1.026,11.0,4.0
1352.0,225.282,11.0,4.0
988.0,198.65400000000002,11.0,4.0
9466.0,3224.574,11.0,4.0
7.0,3.072,11.0,4.0
11.0,4.098000000000001,11.0,4.0
9.0,2.0460000000000003,11.0,4.0
3.0,1.026,11.0,4.0
3132.0,593.922,11.0,4.0
15.0,4.098000000000001,11.0,4.0
3.0,1.026,11.0,4.0
82.0,41.982,11.0,4.0
3.0,1.026,11.0,4.0
51.0,1.026,11.0,4.0
3.0,1.026,11.0,4.0
3.0,1.026,11.0,4.0
10.0,4.098000000000001,11.0,4.0
3.0,1.026,11.0,4.0
3.0,1.026,11.0,4.0
3.0,1.026,11.0,4.0
3.0,1.026,11.0,4.0
3.0,1.026,11.0,4.0
3.0,1.026,11.0,4.0
3.0,1.026,11.0,4.0
3.0,1.026,11.0,4.0
38.0,4.098000000000001,11.0,4.0
3.0,1.026,11.0,4.0
3.0,1.026,11.0,4.0
3.0,1.026,11.0,4.0
3.0,1.026,11.0,4.0
3.0,1.026,11.0,4.0
3.0,1.026,11.0,4.0
72.0,1.024,11.0,4.0
50.0,1.024,11.0,5.0
2373.0,2493.444,11.0,5.0
3.0,1.024,11.0,5.0
5.0,1.024,11.0,5.0
1679.0,2263.04,11.0,5.0
553.0,8458.224,11.0,5.0
282.0,10542.096000000001,11.0,5.0
18.0,1.024,11.0,5.0
3451.0,1.024,11.0,6.0
1634.0,340482.04799999995,11.0,6.0
1419.0,510691.328,11.0,6.0
1160.0,563765.248,11.0,6.0
1583.0,490846.208,11.0,6.0
1652.0,427883.52,11.0,6.0
4561.0,35.84,11.0,6.0
2808.0,35.84,11.0,6.0
4.0,1.024,11.0,6.0
4320.0,362.496,11.0,6.0
4968.0,410.624,11.0,6.0
6481.0,520.192,11.0,6.0
6913.0,432.12800000000004,11.0,6.0
7345.0,608.256,11.0,6.0
5400.0,397.31199999999995,11.0,6.0
6049.0,654.336,11.0,6.0
3240.0,320.512,11.0,6.0
7129.0,606.2080000000001,11.0,6.0
6265.0,458.75199999999995,11.0,6.0
6265.0,548.864,11.0,6.0
6265.0,466.944,11.0,6.0
5832.0,428.032,11.0,6.0
8209.0,812.0319999999999,11.0,6.0
4536.0,294.91200000000003,11.0,6.0
7345.0,542.72,11.0,6.0
4536.0,332.8,11.0,6.0
5184.0,340.99199999999996,11.0,6.0
5833.0,406.528,11.0,6.0
5833.0,662.528,11.0,6.0
9289.0,811.008,11.0,6.0
3888.0,352.256,11.0,6.0
3456.0,239.61599999999999,11.0,6.0
5617.0,384.0,11.0,6.0
7561.0,578.56,11.0,6.0
4752.0,422.912,11.0,6.0
4320.0,339.968,11.0,6.0
9505.0,797.696,11.0,6.0
7561.0,881.664,11.0,6.0
3672.0,253.952,11.0,6.0
10153.0,912.3839999999999,11.0,6.0
4536.0,337.92,11.0,6.0
9937.0,1036.288,11.0,6.0
8209.0,730.112,11.0,6.0
3456.0,268.288,11.0,6.0
3024.0,247.808,11.0,6.0
7561.0,574.464,11.0,6.0
9289.0,879.6160000000001,11.0,6.0
9505.0,808.96,11.0,6.0
9505.0,805.888,11.0,6.0
7993.0,782.336,11.0,6.0
5617.0,501.76,11.0,6.0
7345.0,609.28,11.0,6.0
5401.0,498.68800000000005,11.0,6.0
10801.0,755.712,11.0,6.0
6697.0,456.704,11.0,6.0
11449.0,568.32,11.0,6.0
4104.0,256.0,11.0,6.0
6697.0,340.99199999999996,11.0,6.0
3240.0,210.94400000000002,11.0,6.0
76.0,1.024,11.0,6.0
72.0,1.026,11.0,7.0
9288.0,4534.272,11.0,7.0
1728.0,1.024,11.0,7.0
96.0,1.024,11.0,7.0
11070.0,9302.016,11.0,8.0
87.0,1.024,11.0,8.0
87.0,1.024,11.0,8.0
85.0,1.024,11.0,8.0
82.0,1.024,11.0,8.0
72.0,1.024,11.0,8.0
725.0,430.08,11.0,8.0
583.0,433.152,11.0,8.0
583.0,432.12800000000004,11.0,8.0
586.0,433.152,11.0,8.0
585.0,433.152,11.0,8.0
593.0,435.2,11.0,8.0
582.0,434.176,11.0,8.0
582.0,433.152,11.0,8.0
590.0,435.2,11.0,8.0
583.0,432.12800000000004,11.0,8.0
91.0,77.824,11.0,8.0
75.0,81.92,11.0,8.0
59.0,2827.26,11.0,9.0
42.0,1282.0439999999999,11.0,9.0
46.0,584.7,11.0,9.0
105.0,462.852,11.0,10.0
97.0,625.668,11.0,10.0
116.0,806.9159999999998,11.0,10.0
9812.0,689.148,11.0,10.0
8585.0,604.164,11.0,10.0
7722.0,661.5,11.0,10.0
7.0,391.164,11.0,10.0
26.0,829.44,11.0,10.0
13.0,263.172,11.0,10.0
34.0,840.7080000000001,11.0,10.0
55.0,1249.2839999999999,11.0,10.0
21.0,887.808,11.0,10.0
37.0,718.8480000000002,11.0,10.0
43.0,1154.052,11.0,10.0
43.0,681.9839999999999,11.0,10.0
21.0,388.092,11.0,10.0
29.0,421.884,11.0,10.0
42.0,1004.544,11.0,10.0
22.0,705.54,11.0,10.0
23.0,518.148,11.0,10.0
37.0,526.332,11.0,10.0
126.0,3781.6320000000014,11.0,10.0
96.0,1567.7400000000002,11.0,10.0
126.0,2860.032,11.0,10.0
24.0,1341.444,11.0,10.0
112.0,2735.100000000001,11.0,10.0
138.0,4747.26,11.0,10.0
22.0,432.13200000000006,11.0,10.0
127.0,2369.532,11.0,10.0
43.0,2325.504,11.0,10.0
23.0,727.0440000000001,11.0,10.0
53.0,1980.42,11.0,10.0
154.0,3230.724,11.0,10.0
93.0,1196.028,11.0,10.0
123.0,2293.764,11.0,10.0
19.0,671.748,11.0,10.0
121.0,2144.256,11.0,10.0
64.0,1720.3200000000004,11.0,10.0
26.0,1456.128,11.0,10.0
201.0,3906.5640000000003,11.0,10.0
33.0,815.0999999999998,11.0,10.0
124.0,3450.8759999999997,11.0,10.0
146.0,4304.892,11.0,10.0
182.0,2888.7,11.0,10.0
30.0,1242.108,11.0,10.0
171.0,3643.3920000000003,11.0,10.0
79.0,2041.86,11.0,10.0
18.0,204.804,11.0,10.0
116.0,3059.712,11.0,10.0
92.0,2478.084,11.0,10.0
69.0,2555.904,11.0,10.0
88.0,3165.18,11.0,10.0
62.0,1950.72,11.0,10.0
188.0,4686.852000000001,11.0,10.0
17.0,257.028,11.0,10.0
95.0,2597.8920000000007,11.0,10.0
1104.0,1080.32,11.0,10.0
1102.0,1082.368,11.0,10.0
939.0,1089.536,11.0,10.0
934.0,1090.56,11.0,10.0
937.0,1089.536,11.0,10.0
927.0,1093.632,11.0,10.0
935.0,1089.536,11.0,10.0
930.0,1090.56,11.0,10.0
936.0,1088.512,11.0,10.0
931.0,1090.56,11.0,10.0
116.0,486.39599999999996,11.0,10.0
126.0,637.9559999999999,11.0,10.0
146.0,817.1519999999999,11.0,10.0
7736.0,1596.4160000000002,11.0,10.0
72.0,1.024,11.0,10.0
106.0,4025.34,11.0,11.0
171.0,5395.451999999998,11.0,11.0
306.0,2.048,11.0,11.0
1516.0,266.244,11.0,12.0
1511.0,271.356,11.0,12.0
1510.0,268.284,11.0,12.0
9692.0,1867.776,11.0,12.0
84.0,1.02,11.0,13.0
1129.0,14.328,11.0,15.0
108.0,2.048,11.0,15.0
15365.0,1206.272,11.0,15.0
18.0,6.144,11.0,15.0
20.0,7.167999999999999,11.0,15.0
34.0,11.267999999999999,11.0,15.0
86.0,11.255999999999998,11.0,17.0
1093.0,2708.4959999999996,11.0,18.0
1013.0,9962.496,11.0,20.0
976.0,12778.488000000001,11.0,23.0
4794.0,1419.264,12.0,1.0
24.0,849.9240000000002,12.0,1.0
11730.0,1055.748,12.0,1.0
13201.0,1027.068,12.0,1.0
11737.0,1899.516,12.0,1.0
1269.0,937.98,12.0,1.0
63.0,620.568,12.0,1.0
2975.0,1.024,12.0,1.0
2.0,32.76,12.0,1.0
35873.0,2.048,12.0,1.0
35619.0,2.048,12.0,1.0
35569.0,2.048,12.0,1.0
35576.0,2.048,12.0,1.0
32422.0,2.048,12.0,1.0
32354.0,2.048,12.0,1.0
31325.0,2.048,12.0,1.0
31245.0,2.048,12.0,1.0
32464.0,2.048,12.0,1.0
32005.0,2.048,12.0,1.0
33208.0,2.048,12.0,1.0
32902.0,2.048,12.0,1.0
32727.0,2.048,12.0,1.0
32641.0,2.048,12.0,1.0
33936.0,2.048,12.0,1.0
34001.0,2.048,12.0,1.0
33881.0,2.048,12.0,1.0
33888.0,2.048,12.0,1.0
33297.0,2.048,12.0,1.0
33282.0,2.048,12.0,1.0
1509.0,1218.528,12.0,1.0
5186.0,1525.7520000000002,12.0,1.0
5186.0,587.776,12.0,1.0
1098.0,954.368,12.0,1.0
1128.0,1070.08,12.0,1.0
1118.0,1069.056,12.0,1.0
1100.0,1086.464,12.0,1.0
1114.0,1112.0639999999999,12.0,1.0
46.0,72.704,12.0,1.0
46.0,71.68,12.0,1.0
43.0,69.632,12.0,1.0
42.0,68.608,12.0,1.0
41.0,68.608,12.0,1.0
1633.0,1.024,12.0,1.0
3.0,1.024,12.0,1.0
23.0,51.2,12.0,1.0
2.0,3.072,12.0,1.0
29.0,629.7479999999998,12.0,1.0
12.0,1.024,12.0,1.0
1271.0,2760.704,12.0,1.0
25663.0,2657.28,12.0,1.0
1210.0,2739.2,12.0,1.0
26879.0,2612.224,12.0,1.0
29383.0,2429.952,12.0,1.0
13212.0,1701.888,12.0,1.0
14909.0,1310.72,12.0,1.0
921.0,1093.632,12.0,2.0
929.0,1094.656,12.0,2.0
939.0,1095.68,12.0,2.0
931.0,1097.728,12.0,2.0
942.0,1096.704,12.0,2.0
930.0,1095.68,12.0,2.0
928.0,1093.632,12.0,2.0
929.0,1095.68,12.0,2.0
927.0,1095.68,12.0,2.0
978.0,1115.136,12.0,2.0
31.0,1.024,12.0,2.0
965.0,13945.86,12.0,2.0
617.0,758.784,12.0,2.0
595.0,758.784,12.0,2.0
642.0,811.008,12.0,2.0
627.0,787.456,12.0,2.0
679.0,773.12,12.0,2.0
670.0,768.0,12.0,2.0
628.0,789.5039999999999,12.0,2.0
624.0,786.432,12.0,2.0
521.0,640.0,12.0,2.0
510.0,638.976,12.0,2.0
76956.0,445.44,12.0,2.0
72.0,1.024,12.0,2.0
4917.0,132.096,12.0,2.0
1120.0,1121.28,12.0,2.0
10.0,1.024,12.0,3.0
5027.0,39.936,12.0,3.0
21.0,1.024,12.0,3.0
14.0,1.024,12.0,4.0
920.0,1864.704,12.0,4.0
50.0,66.56,12.0,4.0
50.0,66.56,12.0,4.0
944.0,933.888,12.0,4.0
1640.0,1415.168,12.0,4.0
1135.0,1636.352,12.0,4.0
1136.0,1633.28,12.0,4.0
1136.0,1613.8239999999998,12.0,4.0
1123.0,1633.28,12.0,4.0
1129.0,1623.04,12.0,4.0
1135.0,1634.3039999999999,12.0,4.0
1129.0,1623.04,12.0,4.0
1135.0,1636.352,12.0,4.0
205.0,584.7,12.0,4.0
53.0,655.3679999999998,12.0,4.0
18.0,38.912,12.0,4.0
17.0,38.912,12.0,4.0
17.0,38.912,12.0,4.0
16.0,44.032,12.0,4.0
17.0,46.08,12.0,4.0
16.0,44.032,12.0,4.0
15.0,43.008,12.0,4.0
15.0,43.008,12.0,4.0
15.0,43.008,12.0,4.0
1140.0,1612.8,12.0,4.0
561.0,391.168,12.0,4.0
594.0,389.12,12.0,4.0
594.0,388.096,12.0,4.0
385.0,361.472,12.0,4.0
400.0,376.832,12.0,4.0
384.0,361.472,12.0,4.0
372.0,362.496,12.0,4.0
374.0,361.472,12.0,4.0
328.0,312.32,12.0,4.0
316.0,310.272,12.0,4.0
50.0,1.024,12.0,5.0
53.0,1.024,12.0,5.0
1332.0,5.12,12.0,5.0
959.0,14908.428,12.0,5.0
17.0,587.7719999999999,12.0,5.0
37297.0,1030.144,12.0,5.0
20.0,616.4639999999998,12.0,5.0
43209.0,982.0160000000001,12.0,5.0
20.0,640.0079999999998,12.0,5.0
1602.0,241.66,12.0,5.0
1121.0,1636.352,12.0,5.0
120.0,6.144,12.0,5.0
21.0,571.3919999999999,12.0,5.0
24.0,521.2080000000001,12.0,5.0
13.0,324.6,12.0,5.0
1324.0,184.32,12.0,5.0
72.0,1.024,12.0,5.0
72.0,1.026,12.0,5.0
111.0,137.216,12.0,6.0
858.0,1089.536,12.0,6.0
864.0,1085.44,12.0,6.0
854.0,1069.056,12.0,6.0
863.0,1073.152,12.0,6.0
855.0,1069.056,12.0,6.0
867.0,1074.1760000000002,12.0,6.0
856.0,1067.008,12.0,6.0
880.0,1088.512,12.0,6.0
886.0,1110.016,12.0,6.0
2.0,8.192,12.0,6.0
2.0,7.167999999999999,12.0,6.0
2.0,6.144,12.0,6.0
2.0,10.24,12.0,6.0
109.0,224.25599999999997,12.0,6.0
109.0,200.704,12.0,6.0
109.0,63.488,12.0,6.0
109.0,440.32,12.0,6.0
106573.0,2.048,12.0,6.0
105348.0,2.048,12.0,6.0
103502.0,2.048,12.0,6.0
100113.0,2.048,12.0,6.0
99199.0,2.048,12.0,6.0
108072.0,2.048,12.0,6.0
106899.0,2.048,12.0,6.0
106167.0,2.048,12.0,6.0
114504.0,2.048,12.0,6.0
82586.0,2.048,12.0,6.0
81785.0,2.048,12.0,6.0
80666.0,2.048,12.0,6.0
80340.0,2.048,12.0,6.0
77412.0,2.048,12.0,6.0
76624.0,2.048,12.0,6.0
75586.0,2.048,12.0,6.0
875.0,1122.3039999999999,12.0,6.0
189.0,638.976,12.0,6.0
85537.0,328.704,12.0,6.0
2.0,2.048,12.0,6.0
2.0,2.048,12.0,6.0
3.0,3.072,12.0,6.0
3.0,3.072,12.0,6.0
2.0,2.048,12.0,6.0
2.0,2.048,12.0,6.0
2.0,2.048,12.0,6.0
2.0,2.048,12.0,6.0
2.0,2.048,12.0,6.0
2.0,2.048,12.0,6.0
3.0,2.048,12.0,6.0
6.0,7.167999999999999,12.0,6.0
5.0,5.12,12.0,6.0
7.0,10.24,12.0,6.0
6.0,6.144,12.0,6.0
7.0,9.216000000000001,12.0,6.0
5.0,5.12,12.0,6.0
4.0,7.167999999999999,12.0,6.0
5.0,5.12,12.0,6.0
6.0,8.192,12.0,6.0
6.0,4.096,12.0,6.0
6.0,6.144,12.0,6.0
6.0,6.144,12.0,6.0
7.0,16.384,12.0,6.0
5.0,5.12,12.0,6.0
8.0,9.216000000000001,12.0,6.0
5.0,5.12,12.0,6.0
7.0,7.167999999999999,12.0,6.0
8.0,11.264000000000001,12.0,6.0
7.0,9.216000000000001,12.0,6.0
8.0,6.144,12.0,6.0
9.0,7.167999999999999,12.0,6.0
9.0,10.24,12.0,6.0
5.0,9.216000000000001,12.0,6.0
7.0,16.384,12.0,6.0
4.0,4.096,12.0,6.0
6.0,9.216000000000001,12.0,6.0
6.0,7.167999999999999,12.0,6.0
5.0,6.144,12.0,6.0
6.0,7.167999999999999,12.0,6.0
6.0,8.192,12.0,6.0
6.0,11.264000000000001,12.0,6.0
6.0,6.144,12.0,6.0
6.0,6.144,12.0,6.0
4.0,6.144,12.0,6.0
4.0,8.192,12.0,6.0
4.0,10.24,12.0,6.0
3.0,4.096,12.0,6.0
2.0,5.12,12.0,6.0
2.0,5.12,12.0,6.0
2.0,4.096,12.0,6.0
2.0,4.096,12.0,6.0
657.0,553.984,12.0,6.0
657.0,497.664,12.0,6.0
632.0,176.128,12.0,6.0
657.0,931.84,12.0,6.0
644.0,130.048,12.0,6.0
644.0,376.832,12.0,6.0
657.0,165.888,12.0,6.0
632.0,338.944,12.0,6.0
620.0,203.77599999999998,12.0,6.0
620.0,230.4,12.0,6.0
657.0,161.792,12.0,6.0
24.0,11.264000000000001,12.0,6.0
2.0,1.024,12.0,6.0
40.0,46.08,12.0,6.0
4628.0,288.768,12.0,7.0
546.0,55.29600000000001,12.0,7.0
4845.0,6525.951999999999,12.0,7.0
157.0,398.34,12.0,7.0
2672.0,62.464,12.0,7.0
206.0,63.488,12.0,7.0
822.0,63.488,12.0,7.0
10.0,387.07199999999995,12.0,7.0
51.0,573.444,12.0,7.0
18018.0,7552.0,12.0,7.0
64.0,584.7,12.0,7.0
4.0,643.072,12.0,7.0
177.0,438.27600000000007,12.0,7.0
67.0,631.812,12.0,7.0
4.0,638.976,12.0,7.0
6343.0,14432.256000000001,12.0,7.0
4.0,1.024,12.0,7.0
47.0,571.3919999999999,12.0,7.0
16.0,709.6320000000002,12.0,7.0
19.0,815.0999999999998,12.0,7.0
18.0,887.808,12.0,7.0
18.0,906.24,12.0,7.0
17.0,889.86,12.0,7.0
2.0,1.024,12.0,7.0
18.0,760.836,12.0,7.0
3526.0,191.488,12.0,8.0
19.0,862.212,12.0,8.0
952.0,15270.912,12.0,8.0
16.0,896.0039999999999,12.0,8.0
15.0,677.8919999999999,12.0,8.0
134.0,420.86400000000003,12.0,8.0
45.0,550.908,12.0,8.0
43.0,544.752,12.0,8.0
233.0,352.26,12.0,8.0
33.0,504.82800000000003,12.0,8.0
4.0,83.95200000000001,12.0,8.0
3.0,75.78,12.0,8.0
3.0,83.95200000000001,12.0,8.0
14851.0,254.976,12.0,8.0
3.0,1.024,12.0,8.0
1729.0,234.5,12.0,8.0
141.0,1253.376,12.0,8.0
67.0,1744.8959999999993,12.0,8.0
146.0,2048.004,12.0,8.0
67.0,1510.404,12.0,8.0
106.0,1491.9720000000002,12.0,9.0
63.0,1120.26,12.0,9.0
84.0,1543.1640000000002,12.0,9.0
87.0,1601.5320000000004,12.0,9.0
86.0,1543.1640000000002,12.0,9.0
91.0,1639.4279999999999,12.0,9.0
24.0,386.05199999999996,12.0,9.0
81.0,1471.4879999999996,12.0,9.0
80.0,1471.4879999999996,12.0,9.0
79.0,1474.56,12.0,9.0
78.0,1433.604,12.0,9.0
71.0,1307.652,12.0,9.0
76.0,1398.78,12.0,9.0
73.0,1350.66,12.0,9.0
69.0,1293.312,12.0,9.0
64.0,1205.244,12.0,9.0
69.0,1307.652,12.0,9.0
73.0,1641.4679999999996,12.0,9.0
66.0,1735.6799999999996,12.0,9.0
17.0,505.86,12.0,9.0
16.0,498.684,12.0,9.0
20.0,662.5319999999998,12.0,9.0
19.0,626.688,12.0,9.0
21.0,706.5600000000002,12.0,9.0
20.0,644.0999999999998,12.0,9.0
16.0,528.384,12.0,9.0
15.0,502.788,12.0,9.0
93.0,1805.328,12.0,9.0
11.0,1.024,12.0,9.0
10.0,368.64,12.0,9.0
14.0,519.168,12.0,9.0
12.0,461.82,12.0,9.0
11.0,412.668,12.0,9.0
11.0,418.81199999999995,12.0,9.0
10.0,362.496,12.0,9.0
100.0,1942.524,12.0,9.0
93.0,1729.5479999999998,12.0,9.0
9998.0,3089.4120000000007,12.0,9.0
9998.0,3101.7000000000007,12.0,9.0
10098.0,3098.6279999999997,12.0,9.0
10098.0,3097.5959999999995,12.0,9.0
10098.0,3126.2760000000007,12.0,9.0
10048.0,3137.532,12.0,9.0
10048.0,3080.196,12.0,9.0
10048.0,3098.6279999999997,12.0,9.0
10048.0,3082.236,12.0,9.0
9998.0,3089.4120000000007,12.0,9.0
10047.0,3084.288,12.0,9.0
10048.0,3102.7200000000007,12.0,9.0
9998.0,3093.5040000000004,12.0,9.0
10048.0,3106.812,12.0,9.0
10047.0,3094.524000000001,12.0,9.0
9997.0,3102.7200000000007,12.0,9.0
9997.0,3096.5759999999996,12.0,9.0
3024.0,551.9399999999998,12.0,9.0
10082.0,3086.34,12.0,9.0
95.0,1931.256,12.0,9.0
22.0,7.167999999999999,12.0,9.0
23.0,16.384,12.0,9.0
26.0,32.768,12.0,9.0
23.0,6.144,12.0,9.0
28.0,17.408,12.0,9.0
179.0,2.048,12.0,9.0
23.0,6.144,12.0,9.0
25.0,14.335999999999999,12.0,9.0
22.0,8.192,12.0,9.0
21.0,10.24,12.0,9.0
24.0,6.144,12.0,9.0
1858.0,526.336,12.0,9.0
1926.0,2295.808,12.0,9.0
1281.0,130.04,12.0,9.0
69.0,1341.444,12.0,9.0
956.0,843.7760000000001,12.0,9.0
738.0,591.872,12.0,9.0
748.0,226.304,12.0,9.0
778.0,1018.88,12.0,9.0
747.0,169.984,12.0,9.0
736.0,465.92,12.0,9.0
735.0,196.608,12.0,9.0
736.0,417.792,12.0,9.0
723.0,252.928,12.0,9.0
773.0,321.536,12.0,9.0
773.0,215.04,12.0,9.0
768.0,656.3839999999999,12.0,9.0
92.0,1698.8160000000007,12.0,9.0
174.0,835.596,12.0,10.0
91.0,1594.368,12.0,10.0
102.0,2913.276,12.0,10.0
2.0,1.024,12.0,10.0
8.0,2.048,12.0,10.0
150.0,41.983999999999995,12.0,10.0
881.0,892.928,12.0,10.0
262.0,227.328,12.0,10.0
888.0,865.28,12.0,10.0
882.0,875.52,12.0,10.0
889.0,879.6160000000001,12.0,10.0
887.0,878.592,12.0,10.0
870.0,848.8960000000001,12.0,10.0
873.0,851.9680000000001,12.0,10.0
781.0,729.0880000000001,12.0,10.0
795.0,721.92,12.0,10.0
391.0,295.936,12.0,10.0
388.0,306.176,12.0,10.0
387.0,304.128,12.0,10.0
390.0,355.32800000000003,12.0,10.0
386.0,307.2,12.0,10.0
390.0,360.44800000000004,12.0,10.0
384.0,323.584,12.0,10.0
404.0,413.69599999999997,12.0,10.0
963.0,15525.9,12.0,10.0
87.0,1511.424,12.0,11.0
153.0,175.104,12.0,11.0
16.0,693.252,12.0,11.0
28.0,588.798,12.0,11.0
30.0,644.094,12.0,11.0
30.0,633.8580000000001,12.0,11.0
691.0,547.84,12.0,11.0
691.0,564.224,12.0,11.0
728.0,577.536,12.0,11.0
728.0,610.304,12.0,11.0
728.0,622.592,12.0,11.0
849.0,844.8,12.0,11.0
728.0,622.592,12.0,11.0
853.0,844.8,12.0,11.0
833.0,797.696,12.0,11.0
826.0,829.44,12.0,11.0
160.0,220.16,12.0,11.0
94.0,1695.744,12.0,12.0
780.0,689.1519999999999,12.0,12.0
843.0,813.056,12.0,12.0
782.0,993.28,12.0,12.0
936.0,1008.64,12.0,12.0
835.0,799.7439999999999,12.0,12.0
827.0,799.7439999999999,12.0,12.0
1246.0,1897.4879999999998,12.0,12.0
438.0,330.75199999999995,12.0,12.0
430.0,331.776,12.0,12.0
436.0,330.75199999999995,12.0,12.0
426.0,326.656,12.0,12.0
423.0,326.656,12.0,12.0
410.0,303.10400000000004,12.0,12.0
431.0,325.632,12.0,12.0
425.0,325.632,12.0,12.0
503.0,392.19199999999995,12.0,12.0
502.0,410.624,12.0,12.0
366.0,301.056,12.0,12.0
351.0,281.6,12.0,12.0
364.0,299.008,12.0,12.0
351.0,281.6,12.0,12.0
352.0,282.624,12.0,12.0
355.0,282.624,12.0,12.0
357.0,284.672,12.0,12.0
349.0,282.624,12.0,12.0
278.0,250.88,12.0,12.0
294.0,266.24,12.0,12.0
162.0,212.99200000000002,12.0,12.0
1279.0,1054.7279999999996,12.0,12.0
325.0,918.54,12.0,12.0
2.0,1531.904,12.0,12.0
975.0,15905.808,12.0,13.0
74.0,2733.06,12.0,13.0
88.0,1812.48,12.0,13.0
15.0,424.95599999999996,12.0,13.0
70262.0,2.048,12.0,13.0
70047.0,2.048,12.0,13.0
69958.0,2.048,12.0,13.0
69726.0,2.048,12.0,13.0
65301.0,2.048,12.0,13.0
65090.0,2.048,12.0,13.0
64596.0,2.048,12.0,13.0
63959.0,2.048,12.0,13.0
63623.0,2.048,12.0,13.0
66240.0,2.048,12.0,13.0
65544.0,2.048,12.0,13.0
65162.0,2.048,12.0,13.0
63358.0,2.048,12.0,13.0
62958.0,2.048,12.0,13.0
63873.0,2.048,12.0,13.0
63526.0,2.048,12.0,13.0
63989.0,2.048,12.0,13.0
63734.0,2.048,12.0,13.0
63145.0,2.048,12.0,13.0
108.0,1139.712,12.0,14.0
44.0,1521.66,12.0,14.0
90.0,2604.036,12.0,14.0
76.0,2338.812,12.0,14.0
13.0,361.476,12.0,14.0
30.0,561.156,12.0,14.0
9.0,226.308,12.0,14.0
10.0,158.724,12.0,14.0
10.0,395.26800000000003,12.0,14.0
18.0,408.57599999999996,12.0,14.0
14.0,715.7760000000002,12.0,14.0
13.0,316.416,12.0,14.0
10.0,164.868,12.0,14.0
10.0,248.832,12.0,14.0
10.0,156.672,12.0,14.0
9.0,260.1,12.0,14.0
10.0,216.06,12.0,14.0
101.0,3920.8920000000003,12.0,14.0
43.0,779.2679999999998,12.0,14.0
11.0,433.15199999999993,12.0,14.0
33.0,532.476,12.0,14.0
15.0,367.62,12.0,14.0
30.0,536.58,12.0,14.0
10.0,217.092,12.0,14.0
13.0,362.496,12.0,14.0
12.0,251.90400000000002,12.0,14.0
10.0,193.53599999999997,12.0,14.0
11.0,203.77200000000002,12.0,14.0
22.0,652.284,12.0,14.0
10.0,163.836,12.0,14.0
38.0,1399.8120000000001,12.0,14.0
124.0,3602.4359999999997,12.0,14.0
125.0,2721.792,12.0,14.0
81.0,1586.172,12.0,14.0
12.0,242.688,12.0,14.0
82.0,2733.06,12.0,14.0
14.0,508.93199999999996,12.0,14.0
11.0,233.472,12.0,14.0
28.0,563.196,12.0,14.0
12.0,352.26,12.0,14.0
9.0,161.796,12.0,14.0
11.0,268.284,12.0,14.0
10.0,325.632,12.0,14.0
8.0,221.18400000000003,12.0,14.0
7.0,153.60000000000005,12.0,14.0
9.0,303.108,12.0,14.0
36.0,525.312,12.0,14.0
45.0,2220.036,12.0,14.0
82.0,1085.4360000000001,12.0,14.0
92.0,2741.244,12.0,14.0
8536.0,55.29600000000001,12.0,14.0
72.0,1.024,12.0,14.0
10959.0,12.288,12.0,16.0
977.0,15833.088,12.0,16.0
88.0,10.248,12.0,18.0
969.0,16023.563999999998,12.0,19.0
133.0,2179.0679999999998,12.0,19.0
145.0,2613.252,12.0,19.0
80.0,2300.928,12.0,19.0
228.0,4960.26,12.0,19.0
128.0,2081.7960000000007,12.0,19.0
86.0,2266.116,12.0,19.0
153.0,1826.82,12.0,19.0
141.0,2340.864,12.0,19.0
145.0,4276.224,12.0,19.0
160.0,2677.764,12.0,19.0
102.0,2467.8360000000002,12.0,19.0
39.0,842.748,12.0,19.0
10.0,206.84400000000002,12.0,19.0
26.0,305.14799999999997,12.0,19.0
49.0,416.77200000000016,12.0,19.0
18.0,411.648,12.0,19.0
10.0,196.608,12.0,19.0
26.0,494.592,12.0,19.0
18.0,281.60400000000004,12.0,19.0
35.0,384.0,12.0,19.0
26.0,231.42,12.0,19.0
6.0,136.188,12.0,19.0
18.0,369.66,12.0,19.0
7.0,209.916,12.0,19.0
12.0,187.392,12.0,19.0
22.0,477.18,12.0,19.0
10.0,252.92400000000004,12.0,19.0
40.0,897.0239999999999,12.0,19.0
22.0,451.584,12.0,19.0
11.0,117.756,12.0,19.0
30.0,456.708,12.0,19.0
43.0,1150.98,12.0,19.0
23.0,558.0840000000001,12.0,19.0
40.0,504.82800000000003,12.0,19.0
25.0,727.0440000000001,12.0,19.0
16.0,260.1,12.0,19.0
26.0,491.52,12.0,19.0
16.0,433.15199999999993,12.0,19.0
10.0,224.25599999999997,12.0,19.0
13.0,198.66,12.0,19.0
35.0,317.436,12.0,19.0
13.0,714.7560000000002,12.0,19.0
126.0,5259.264,12.0,19.0
18.0,1217.532,12.0,19.0
103.0,2969.6040000000007,12.0,19.0
19.0,520.188,12.0,19.0
36.0,730.1160000000001,12.0,19.0
111.0,1908.7320000000002,12.0,19.0
43.0,730.1160000000001,12.0,19.0
72.0,2988.0359999999996,12.0,19.0
923.0,19803.131999999998,12.0,22.0
101.0,2376.708,12.0,22.0
180.0,2066.436,12.0,22.0
72.0,1653.756,12.0,22.0
46.0,668.6759999999998,12.0,22.0
76.0,1800.192,12.0,22.0
68.0,509.952,12.0,22.0
62.0,1546.236,12.0,22.0
195.0,4032.5159999999996,12.0,22.0
76.0,1236.996,12.0,22.0
156.0,2632.704,12.0,22.0
187.0,2547.708,12.0,22.0
163.0,1825.7879999999998,12.0,22.0
12.0,219.132,12.0,22.0
19.0,240.636,12.0,22.0
13.0,178.17600000000004,12.0,22.0
36.0,309.252,12.0,22.0
36.0,396.288,12.0,22.0
45.0,515.076,12.0,22.0
62.0,825.3480000000001,12.0,22.0
20.0,156.672,12.0,22.0
11.0,121.86,12.0,22.0
11.0,153.60000000000005,12.0,22.0
12.0,204.804,12.0,22.0
11.0,132.096,12.0,22.0
12.0,143.36399999999998,12.0,22.0
10.0,106.5,12.0,22.0
11.0,128.004,12.0,22.0
11.0,90.10799999999999,12.0,22.0
21.0,388.092,12.0,22.0
17.0,199.68,12.0,22.0
11.0,205.824,12.0,22.0
11.0,234.49200000000002,12.0,22.0
11.0,183.3,12.0,22.0
45.0,429.06000000000006,12.0,22.0
22.0,543.7439999999998,12.0,22.0
13.0,194.55599999999998,12.0,22.0
28.0,418.81199999999995,12.0,22.0
12.0,184.32,12.0,22.0
10.0,115.71600000000001,12.0,22.0
10.0,84.99600000000002,12.0,22.0
12.0,162.816,12.0,22.0
10.0,87.036,12.0,22.0
8.0,159.744,12.0,22.0
8.0,233.472,12.0,22.0
8.0,171.012,12.0,22.0
14.0,506.88,12.0,22.0
15.0,293.892,12.0,22.0
102.0,3155.9640000000004,12.0,22.0
118.0,4977.66,12.0,22.0
12.0,407.556,12.0,22.0
2.0,278.532,13.0,1.0
75535.0,351.216,13.0,1.0
5866.0,18938.88,13.0,1.0
24.0,702.4680000000002,13.0,1.0
1502.0,1210.392,13.0,1.0
1813.0,2175.984,13.0,1.0
271.0,1.024,13.0,1.0
4519.0,867.328,13.0,1.0
881.0,188.416,13.0,1.0
827.0,805.888,13.0,1.0
842.0,827.3919999999999,13.0,1.0
890.0,200.704,13.0,1.0
238.0,238.592,13.0,1.0
245.0,230.4,13.0,1.0
237.0,236.544,13.0,1.0
246.0,229.37599999999998,13.0,1.0
219.0,177.15200000000002,13.0,1.0
217.0,177.15200000000002,13.0,1.0
223.0,210.94400000000002,13.0,1.0
780.0,705.5360000000001,13.0,1.0
795.0,744.448,13.0,1.0
881.0,699.3919999999999,13.0,1.0
912.0,705.5360000000001,13.0,1.0
793.0,715.7760000000001,13.0,1.0
216.0,155.648,13.0,1.0
216.0,155.648,13.0,1.0
2502.0,986.112,13.0,2.0
410.0,245.76,13.0,2.0
415.0,244.74,13.0,2.0
420.0,252.92400000000004,13.0,2.0
420.0,259.068,13.0,2.0
941.0,221.19100000000003,13.0,2.0
4258.0,2957.3160000000007,13.0,2.0
4254.0,2975.748,13.0,2.0
886.0,870.4,13.0,2.0
887.0,862.2080000000001,13.0,2.0
235.0,254.976,13.0,2.0
4257.0,2972.6760000000004,13.0,2.0
235.0,228.352,13.0,2.0
856.0,873.472,13.0,2.0
4262.0,2967.552,13.0,2.0
734.0,678.9119999999999,13.0,2.0
734.0,680.96,13.0,2.0
728.0,677.888,13.0,2.0
755.0,701.44,13.0,2.0
291.0,76.8,13.0,2.0
8164.0,279.552,13.0,2.0
678.0,605.184,13.0,2.0
844.0,869.3760000000001,13.0,2.0
3.0,83.95200000000001,13.0,2.0
85.0,1569.7920000000001,13.0,2.0
4860.0,439.296,13.0,2.0
7873.0,802.8119999999999,13.0,2.0
1883.0,290335.744,13.0,2.0
822.0,20408.328,13.0,2.0
10007.0,264.192,13.0,2.0
53789.0,892.928,13.0,2.0
5607.0,5062.656,13.0,2.0
7733.0,5002.24,13.0,2.0
34782.0,1033.2160000000001,13.0,3.0
3.0,38.916,13.0,3.0
161.0,74.75,13.0,3.0
1194.0,1067.004,13.0,3.0
8479.0,179.2,13.0,3.0
8402.0,1049.604,13.0,3.0
8401.0,1563.648,13.0,3.0
8402.0,2522.112,13.0,3.0
14.0,1.024,13.0,3.0
107.0,72.704,13.0,3.0
110.0,73.72800000000001,13.0,3.0
93.0,73.72800000000001,13.0,3.0
91.0,78.848,13.0,3.0
91.0,79.872,13.0,3.0
89.0,86.016,13.0,3.0
88.0,86.016,13.0,3.0
88.0,84.992,13.0,3.0
89.0,86.016,13.0,3.0
88.0,86.016,13.0,3.0
94.0,78.848,13.0,3.0
94.0,78.848,13.0,3.0
94.0,78.848,13.0,3.0
79.0,73.72800000000001,13.0,3.0
78.0,73.72800000000001,13.0,3.0
79.0,76.8,13.0,3.0
76.0,73.72800000000001,13.0,3.0
76.0,73.72800000000001,13.0,3.0
87.0,69.632,13.0,3.0
86.0,68.608,13.0,3.0
16801.0,949.248,13.0,3.0
84.0,1232.892,13.0,3.0
83.0,1235.964,13.0,3.0
82.0,1231.872,13.0,3.0
78.0,1189.884,13.0,3.0
64.0,978.948,13.0,3.0
71.0,1143.8039999999999,13.0,3.0
73.0,1148.928,13.0,3.0
77.0,1215.492,13.0,3.0
41.0,43.008,13.0,3.0
42.0,44.032,13.0,3.0
42.0,47.104,13.0,3.0
133.0,89.088,13.0,3.0
132.0,90.11200000000001,13.0,3.0
101.0,80.896,13.0,3.0
101.0,79.872,13.0,3.0
103.0,80.896,13.0,3.0
102.0,80.896,13.0,3.0
102.0,80.896,13.0,3.0
103.0,81.92,13.0,3.0
102.0,81.92,13.0,3.0
102.0,81.92,13.0,3.0
85.0,76.8,13.0,3.0
84.0,75.77600000000001,13.0,3.0
39.0,769.02,13.0,3.0
43.0,843.78,13.0,3.0
41.0,799.74,13.0,3.0
40.0,787.452,13.0,3.0
46.0,879.6120000000002,13.0,3.0
44.0,850.9440000000002,13.0,3.0
39.0,748.548,13.0,3.0
38.0,749.568,13.0,3.0
26577.0,76.8,13.0,3.0
26505.0,75.77600000000001,13.0,3.0
25965.0,74.752,13.0,3.0
25929.0,74.752,13.0,3.0
25893.0,74.752,13.0,3.0
105.0,90.11200000000001,13.0,3.0
106.0,91.13600000000001,13.0,3.0
25857.0,74.752,13.0,3.0
25929.0,74.752,13.0,3.0
25857.0,74.752,13.0,3.0
25857.0,74.752,13.0,3.0
25893.0,74.752,13.0,3.0
25857.0,74.752,13.0,3.0
25857.0,74.752,13.0,3.0
113.0,93.184,13.0,3.0
106.0,90.11200000000001,13.0,3.0
106.0,90.11200000000001,13.0,3.0
107.0,90.11200000000001,13.0,3.0
25929.0,74.752,13.0,3.0
25821.0,73.72800000000001,13.0,3.0
26037.0,74.752,13.0,3.0
26001.0,74.752,13.0,3.0
26001.0,74.752,13.0,3.0
25965.0,74.752,13.0,3.0
25965.0,74.752,13.0,3.0
25965.0,74.752,13.0,3.0
26037.0,74.752,13.0,3.0
26008.0,74.752,13.0,3.0
25972.0,74.752,13.0,3.0
25972.0,74.752,13.0,3.0
25972.0,74.752,13.0,3.0
25936.0,74.752,13.0,3.0
25792.0,73.72800000000001,13.0,3.0
26008.0,74.752,13.0,3.0
12581.0,1773.5639999999999,13.0,3.0
9702.0,2128.896,13.0,3.0
11242.0,2406.396,13.0,3.0
10639.0,2606.076,13.0,3.0
11375.0,2811.9,13.0,3.0
10973.0,2932.74,13.0,3.0
10772.0,3043.3320000000003,13.0,3.0
10839.0,2882.5559999999996,13.0,3.0
190.0,73.725,13.0,4.0
3103.0,25269.264,13.0,4.0
117.0,94.208,13.0,4.0
117.0,94.208,13.0,4.0
457.0,282.624,13.0,4.0
457.0,282.624,13.0,4.0
455.0,285.69599999999997,13.0,4.0
455.0,280.57599999999996,13.0,4.0
394.0,285.69599999999997,13.0,4.0
387.0,287.744,13.0,4.0
379.0,302.08,13.0,4.0
382.0,302.08,13.0,4.0
597.0,523.264,13.0,4.0
543.0,470.01599999999996,13.0,4.0
560.0,465.92,13.0,4.0
555.0,464.89599999999996,13.0,4.0
560.0,464.89599999999996,13.0,4.0
561.0,472.064,13.0,4.0
528.0,536.576,13.0,4.0
527.0,534.528,13.0,4.0
521.0,534.528,13.0,4.0
529.0,534.528,13.0,4.0
4.0,233.472,13.0,4.0
322.0,286.72,13.0,4.0
216.0,1503.2279999999998,13.0,4.0
150.0,1587.204,13.0,4.0
81.0,1267.7160000000001,13.0,4.0
9019.0,100567.04400000001,13.0,4.0
14222.0,722.9399999999998,13.0,4.0
7793.0,885.7560000000002,13.0,4.0
6299.0,871.428,13.0,4.0
159.0,52.224,13.0,4.0
15.0,1.024,13.0,4.0
639.0,132.1,13.0,4.0
1089.0,230.4,13.0,4.0
13.0,1589.28,13.0,4.0
1646.0,1068.048,13.0,5.0
1056.0,996.336,13.0,5.0
911.0,970.74,13.0,5.0
12347.0,1112.0639999999999,13.0,5.0
8087.0,1384.4520000000002,13.0,5.0
13396.0,1154.052,13.0,5.0
588.0,10134.56,13.0,5.0
1156.0,486.39599999999996,13.0,5.0
5528.0,2935.812,13.0,5.0
5099.0,2766.8520000000003,13.0,5.0
27.0,1085.4360000000001,13.0,6.0
1738.0,55.29600000000001,13.0,6.0
628.0,129.02499999999998,13.0,6.0
4.0,21.504,13.0,6.0
28.0,47.104,13.0,6.0
367.0,271.36,13.0,6.0
366.0,271.36,13.0,6.0
366.0,272.384,13.0,6.0
401.0,297.98400000000004,13.0,6.0
1645.0,58.368,13.0,6.0
1645.0,58.368,13.0,6.0
1645.0,58.368,13.0,6.0
1645.0,58.368,13.0,6.0
1644.0,58.368,13.0,6.0
1644.0,58.368,13.0,6.0
1644.0,58.368,13.0,6.0
1644.0,58.368,13.0,6.0
379.0,284.672,13.0,6.0
372.0,310.272,13.0,6.0
373.0,300.032,13.0,6.0
371.0,300.032,13.0,6.0
7801.0,1.024,13.0,6.0
347.0,275.45599999999996,13.0,6.0
940.0,993.28,13.0,6.0
936.0,988.16,13.0,6.0
933.0,988.16,13.0,6.0
924.0,979.9680000000001,13.0,6.0
843.0,945.1519999999999,13.0,6.0
816.0,926.72,13.0,6.0
757.0,948.2239999999999,13.0,6.0
759.0,942.08,13.0,6.0
760.0,926.72,13.0,6.0
561.0,678.9119999999999,13.0,6.0
8430.0,1.024,13.0,6.0
6776.0,1.024,13.0,6.0
6979.0,1.024,13.0,6.0
5277.0,1.024,13.0,6.0
290.0,269.312,13.0,6.0
185.0,1.024,13.0,6.0
21.0,1.024,13.0,6.0
1935.0,232.45,13.0,6.0
6.0,1.024,13.0,6.0
951.0,957.44,13.0,7.0
86.0,1795.068,13.0,7.0
3772.0,1526.796,13.0,7.0
3982.0,1770.48,13.0,7.0
735.0,21592.08,13.0,7.0
2971.0,8958.976,13.0,7.0
14690.0,66.56,13.0,7.0
1115.0,133.125,13.0,8.0
67.0,15.36,13.0,8.0
487.0,3382.272,13.0,8.0
1209.0,944.1360000000001,13.0,8.0
8588.0,1443.84,13.0,8.0
12934.0,1428.48,13.0,8.0
8373.0,1132.548,13.0,8.0
591.0,10254.32,13.0,8.0
469.0,55.29600000000001,13.0,8.0
21.0,130.05599999999998,13.0,8.0
32841.0,698.368,13.0,9.0
642.0,920.592,13.0,9.0
3.0,1.032,13.0,9.0
3049.0,1295.3519999999999,13.0,9.0
555.0,360.44800000000004,13.0,9.0
553.0,359.42400000000004,13.0,9.0
563.0,362.496,13.0,9.0
511.0,365.56800000000004,13.0,9.0
470.0,354.30400000000003,13.0,9.0
471.0,352.256,13.0,9.0
392.0,294.91200000000003,13.0,9.0
381.0,290.816,13.0,9.0
392.0,293.888,13.0,9.0
1255.0,55.29600000000001,13.0,10.0
36.0,574.464,13.0,10.0
959.0,952.308,13.0,10.0
2534.0,968.688,13.0,10.0
50.0,1637.3760000000002,13.0,10.0
3.0,276.48,13.0,10.0
13.0,320.508,13.0,10.0
10.0,165.888,13.0,10.0
4.0,185.34,13.0,10.0
95.0,4312.068,13.0,10.0
3959.0,1993.7160000000001,13.0,10.0
150.0,2515.968,13.0,12.0
54.0,3276.804,13.0,12.0
135.0,3858.4320000000002,13.0,12.0
23.0,816.132,13.0,12.0
24.0,903.168,13.0,12.0
101.0,1865.724,13.0,12.0
1171.0,284.676,13.0,14.0
167067.0,87.04,13.0,15.0
159251.0,87.04,13.0,15.0
158280.0,86.016,13.0,15.0
161006.0,87.04,13.0,15.0
160972.0,86.016,13.0,15.0
160350.0,87.04,13.0,15.0
162548.0,87.04,13.0,15.0
162116.0,87.04,13.0,15.0
162590.0,87.04,13.0,15.0
161935.0,87.04,13.0,15.0
160906.0,87.04,13.0,15.0
161347.0,87.04,13.0,15.0
161706.0,87.04,13.0,15.0
123763.0,86.016,13.0,15.0
126223.0,86.016,13.0,15.0
121907.0,86.016,13.0,15.0
123014.0,86.016,13.0,15.0
123184.0,86.016,13.0,15.0
122331.0,86.016,13.0,15.0
125807.0,86.016,13.0,15.0
124153.0,86.016,13.0,15.0
124335.0,86.016,13.0,15.0
4560.0,55.29600000000001,13.0,15.0
5535.0,629.76,13.0,16.0
85.0,11.255999999999998,13.0,18.0
638.0,1.02,14.0,1.0
2023.0,1206.288,14.0,1.0
214.0,860.148,14.0,1.0
204.0,864.2520000000002,14.0,1.0
656.0,1219.572,14.0,1.0
11537.0,893.952,14.0,1.0
15247.0,649.212,14.0,2.0
9165.0,756.732,14.0,2.0
5967.0,807.936,14.0,2.0
9460.0,1043.46,14.0,2.0
8494.0,1563.648,14.0,2.0
8520.0,2493.444,14.0,2.0
325.0,905.22,14.0,2.0
1533.0,1249.272,14.0,2.0
305.0,881.6759999999998,14.0,2.0
1530.0,1061.892,14.0,2.0
922.0,906.24,14.0,2.0
889.0,857.0880000000001,14.0,2.0
878.0,871.424,14.0,2.0
866.0,844.8,14.0,2.0
873.0,874.4960000000001,14.0,2.0
857.0,871.424,14.0,2.0
873.0,879.6160000000001,14.0,2.0
916.0,931.84,14.0,2.0
884.0,877.568,14.0,2.0
919.0,924.672,14.0,2.0
920.0,924.672,14.0,2.0
932.0,907.2639999999999,14.0,2.0
936.0,923.648,14.0,2.0
241.0,230.4,14.0,2.0
872.0,739.328,14.0,2.0
863.0,745.472,14.0,2.0
863.0,731.1360000000001,14.0,2.0
863.0,737.28,14.0,2.0
240.0,232.44799999999998,14.0,2.0
5184.0,36.864000000000004,14.0,2.0
911.0,905.216,14.0,2.0
22.0,606.2040000000001,14.0,2.0
19.0,560.124,14.0,2.0
163.0,126.97200000000001,14.0,3.0
6.0,578.556,14.0,3.0
557.0,10614.8,14.0,3.0
1190.0,942.084,14.0,3.0
1157.0,985.1039999999999,14.0,3.0
946.0,958.4639999999999,14.0,3.0
947.0,959.488,14.0,3.0
83629.0,2.048,14.0,3.0
83548.0,2.048,14.0,3.0
83616.0,2.048,14.0,3.0
12.0,89.08800000000002,14.0,3.0
100.0,56.316,14.0,3.0
2.0,40.955999999999996,14.0,3.0
35.0,300.036,14.0,3.0
1400.0,176.125,14.0,3.0
2.0,45.06,14.0,3.0
1596.0,1253.3760000000002,14.0,4.0
2.0,36.864000000000004,14.0,4.0
9.0,78.852,14.0,4.0
28.0,54.276,14.0,4.0
2250.0,981.0,14.0,4.0
107.0,7.199999999999998,14.0,4.0
15.0,148.476,14.0,4.0
15.0,152.57999999999996,14.0,4.0
16.0,159.744,14.0,4.0
343.0,6.144,14.0,4.0
10248.0,2872.32,14.0,5.0
10366.0,2880.5159999999996,14.0,5.0
10428.0,2839.548,14.0,5.0
3212.0,1.024,14.0,5.0
5.0,122.88,14.0,5.0
288.0,2479.1040000000007,14.0,5.0
6.0,136.188,14.0,5.0
814.0,110.6,14.0,5.0
117.0,1916.9279999999999,14.0,5.0
133.0,2228.2200000000007,14.0,5.0
358.0,7.199999999999998,14.0,5.0
10620.0,2597.8920000000007,14.0,5.0
11163.0,2803.716,14.0,5.0
63899.0,2884.6079999999997,14.0,5.0
64020.0,2874.3720000000008,14.0,5.0
10137.0,2648.0640000000003,14.0,5.0
10138.0,2676.732,14.0,5.0
546.0,4.104,14.0,5.0
1913.0,2532.348,14.0,6.0
1854.0,2494.476,14.0,6.0
691.0,700.416,14.0,6.0
918.0,927.7439999999999,14.0,6.0
887.0,936.96,14.0,6.0
906.0,958.4639999999999,14.0,6.0
930.0,986.112,14.0,6.0
889.0,946.176,14.0,6.0
889.0,985.0880000000001,14.0,6.0
869.0,987.1360000000001,14.0,6.0
925.0,984.064,14.0,6.0
924.0,983.04,14.0,6.0
782.0,864.2560000000001,14.0,6.0
766.0,861.184,14.0,6.0
579.0,711.68,14.0,6.0
585.0,726.0160000000001,14.0,6.0
579.0,684.0319999999999,14.0,6.0
578.0,736.2560000000001,14.0,6.0
578.0,733.184,14.0,6.0
578.0,735.232,14.0,6.0
570.0,735.232,14.0,6.0
570.0,700.416,14.0,6.0
130485.0,2.048,14.0,7.0
783.0,1303.552,14.0,7.0
770.0,1329.152,14.0,7.0
761.0,925.696,14.0,7.0
741.0,1522.6879999999999,14.0,7.0
758.0,1605.632,14.0,7.0
707.0,910.336,14.0,7.0
708.0,907.2639999999999,14.0,7.0
766.0,1611.776,14.0,7.0
12097.0,55.29600000000001,14.0,7.0
723.0,910.336,14.0,7.0
333.0,16.368000000000002,14.0,7.0
458.0,8.200000000000001,14.0,8.0
17337.0,972.804,14.0,8.0
17337.0,977.916,14.0,8.0
126.0,234.49200000000002,14.0,8.0
16408.0,1132.548,14.0,8.0
127.0,238.59599999999998,14.0,8.0
128.0,227.328,14.0,8.0
17338.0,1049.604,14.0,8.0
17337.0,1025.028,14.0,8.0
17337.0,1040.388,14.0,8.0
17337.0,984.06,14.0,8.0
17319.0,1020.924,14.0,8.0
336.0,2.064,14.0,8.0
796.0,1226.736,14.0,8.0
884.0,867.328,14.0,8.0
870.0,900.096,14.0,8.0
874.0,900.096,14.0,8.0
848.0,877.568,14.0,8.0
867.0,900.096,14.0,8.0
864.0,899.072,14.0,8.0
862.0,900.096,14.0,8.0
756.0,893.952,14.0,8.0
18000.0,839.6759999999998,14.0,8.0
18001.0,854.0160000000002,14.0,8.0
17281.0,842.748,14.0,8.0
658.0,802.816,14.0,8.0
578.0,632.832,14.0,8.0
575.0,632.832,14.0,8.0
703.0,765.952,14.0,8.0
656.0,688.128,14.0,8.0
645.0,679.936,14.0,8.0
636.0,642.048,14.0,8.0
677.0,718.8480000000001,14.0,8.0
696.0,736.2560000000001,14.0,8.0
2.0,41.976000000000006,14.0,9.0
9.0,76.788,14.0,9.0
192.0,26.64,14.0,9.0
142.0,2291.724,14.0,9.0
214.0,2213.8920000000003,14.0,9.0
1921.0,969.732,14.0,9.0
873.0,1219.572,14.0,9.0
224.0,3.072,14.0,9.0
223.0,3.072,14.0,9.0
224.0,3.072,14.0,9.0
167.0,3.072,14.0,9.0
167.0,3.072,14.0,9.0
167.0,3.072,14.0,9.0
517.0,393.216,14.0,10.0
518.0,393.216,14.0,10.0
523.0,402.43199999999996,14.0,10.0
35.0,48.128,14.0,10.0
35.0,48.128,14.0,10.0
391.0,277.504,14.0,10.0
391.0,273.408,14.0,10.0
788.0,563.2,14.0,10.0
788.0,560.128,14.0,10.0
813.0,598.016,14.0,10.0
742.0,530.432,14.0,10.0
755.0,540.672,14.0,10.0
804.0,608.256,14.0,10.0
725.0,644.096,14.0,10.0
718.0,671.7439999999999,14.0,10.0
253.0,252.92400000000004,14.0,10.0
565.0,483.32800000000003,14.0,10.0
338.0,340.99199999999996,14.0,10.0
226.0,1.02,14.0,10.0
226.0,1.02,14.0,10.0
226.0,1.02,14.0,10.0
600.0,516.096,14.0,10.0
608.0,524.288,14.0,10.0
143.0,1.0,14.0,10.0
4920.0,2055.1679999999997,14.0,11.0
20082.0,14666.752,14.0,11.0
18000.0,922.62,14.0,11.0
18000.0,923.6519999999999,14.0,11.0
18360.0,921.6,14.0,11.0
18001.0,918.528,14.0,11.0
18001.0,947.196,14.0,11.0
806.0,6.144,14.0,11.0
811.0,6.144,14.0,11.0
725.0,6.144,14.0,11.0
726.0,6.144,14.0,11.0
569.0,492.54400000000004,14.0,11.0
1154.0,1228.788,14.0,11.0
5280.0,1150.992,14.0,11.0
226.0,1.02,14.0,11.0
226.0,1.02,14.0,11.0
226.0,1.02,14.0,11.0
651.0,263.172,14.0,11.0
768.0,6.144,14.0,11.0
594.0,336.9,14.0,11.0
1457.0,186.372,14.0,12.0
11.0,6.144,14.0,12.0
33.0,57.343999999999994,14.0,12.0
791.0,360.45599999999996,14.0,12.0
718.0,6.144,14.0,12.0
716.0,6.144,14.0,12.0
226.0,1.02,14.0,12.0
226.0,1.02,14.0,12.0
217.0,153.60000000000005,14.0,12.0
1505.0,1212.4080000000001,14.0,12.0
1417.0,958.4639999999999,14.0,12.0
1212.0,1069.056,14.0,12.0
226.0,1.02,14.0,13.0
226.0,1.02,14.0,13.0
213.0,1127.424,14.0,13.0
222.0,102.396,14.0,13.0
226.0,1.02,14.0,13.0
215.0,1750.02,14.0,13.0
216.0,186.372,14.0,14.0
217.0,1218.5639999999999,14.0,14.0
217.0,2219.004,14.0,14.0
9073.0,190.46400000000003,14.0,15.0
217.0,666.6239999999999,14.0,15.0
219.0,1856.5079999999998,14.0,15.0
220.0,2570.244,14.0,15.0
217.0,1082.364,14.0,16.0
220.0,2345.988,14.0,16.0
214.0,2824.188,14.0,16.0
219.0,1417.2120000000002,14.0,16.0
221.0,2736.132,14.0,16.0
218.0,3152.8920000000003,14.0,16.0
217.0,1721.34,14.0,17.0
220.0,3117.06,14.0,17.0
220.0,3390.468,14.0,17.0
218.0,1965.06,14.0,18.0
220.0,3436.548,14.0,18.0
220.0,3607.548,14.0,18.0
79.0,10.248,14.0,18.0
220.0,2201.6040000000007,14.0,19.0
220.0,3703.812,14.0,19.0
220.0,3809.28,14.0,19.0
220.0,2426.88,14.0,19.0
220.0,3960.828,14.0,19.0
220.0,4009.9800000000014,14.0,19.0
220.0,2616.324,14.0,20.0
221.0,4168.704000000001,14.0,20.0
221.0,4184.064,14.0,20.0
220.0,2803.716,14.0,21.0
220.0,4379.652,14.0,21.0
220.0,4352.004,14.0,21.0
220.0,3014.652,14.0,22.0
220.0,4564.992,14.0,22.0
220.0,4500.480000000001,14.0,22.0
220.0,3180.54,14.0,22.0
220.0,4727.808,14.0,22.0
220.0,4647.936,14.0,22.0
220.0,3354.6240000000007,14.0,23.0
216.0,4828.164000000001,14.0,23.0
218.0,4772.8679999999995,14.0,23.0
221.0,3513.348,15.0,0.0
221.0,5086.212,15.0,0.0
220.0,4943.8679999999995,15.0,0.0
3120.0,709.632,15.0,0.0
220.0,3658.752,15.0,1.0
217.0,5106.684,15.0,1.0
216.0,5011.451999999998,15.0,1.0
15840.0,951.3,15.0,1.0
14040.0,960.5160000000001,15.0,1.0
14040.0,953.34,15.0,1.0
18000.0,783.36,15.0,1.0
733.0,931.824,15.0,1.0
2.0,21.491999999999997,15.0,1.0
2.0,22.535999999999998,15.0,1.0
1059.0,1219.572,15.0,1.0
213.0,3719.172,15.0,2.0
214.0,5197.8240000000005,15.0,2.0
215.0,5091.3240000000005,15.0,2.0
6.0,363.51599999999996,15.0,2.0
36717.0,1021.952,15.0,2.0
4698.0,5405.696,15.0,2.0
221.0,3956.736,15.0,2.0
214.0,5377.02,15.0,2.0
218.0,5236.74,15.0,2.0
884.0,142.325,15.0,2.0
9.0,693.252,15.0,3.0
6.0,506.88,15.0,3.0
38.0,3341.316,15.0,3.0
207.0,118.78799999999998,15.0,3.0
10.0,739.332,15.0,3.0
81.0,31.744,15.0,3.0
81.0,32.768,15.0,3.0
81.0,32.768,15.0,3.0
81.0,32.768,15.0,3.0
79.0,31.744,15.0,3.0
80.0,31.744,15.0,3.0
80.0,32.768,15.0,3.0
26315.0,461.824,15.0,3.0
1668.0,1.024,15.0,3.0
220.0,4076.5440000000003,15.0,3.0
214.0,5471.232,15.0,3.0
214.0,5322.7559999999985,15.0,3.0
3.0,168.96,15.0,3.0
2.0,271.356,15.0,3.0
9.0,722.9399999999998,15.0,3.0
813.0,1213.452,15.0,3.0
3695.0,5.12,15.0,4.0
23469.0,4.096,15.0,4.0
16316.0,3.072,15.0,4.0
33141.0,4.096,15.0,4.0
19462.0,3.072,15.0,4.0
23587.0,4.096,15.0,4.0
22523.0,4.096,15.0,4.0
18244.0,3.072,15.0,4.0
5779.0,4.096,15.0,4.0
681.0,258.048,15.0,4.0
226.0,3.072,15.0,4.0
3.0,1.032,15.0,4.0
216.0,4127.748,15.0,4.0
989.0,261.12,15.0,4.0
215.0,5596.164000000001,15.0,4.0
214.0,5430.276,15.0,4.0
980.0,261.12,15.0,4.0
1000.0,942.084,15.0,4.0
4020.0,2584.572,15.0,4.0
4089.0,2842.62,15.0,4.0
4242.0,2990.0759999999996,15.0,4.0
4257.0,2977.788,15.0,4.0
4245.0,2989.0559999999996,15.0,4.0
4113.0,2903.04,15.0,4.0
225.0,3.072,15.0,4.0
225.0,3.072,15.0,4.0
1631.0,1539.0720000000001,15.0,4.0
5.0,514.0440000000001,15.0,4.0
160.0,116.736,15.0,4.0
1219.0,1134.5919999999999,15.0,4.0
62.0,228.34799999999998,15.0,5.0
396.0,899.064,15.0,5.0
1043.0,1222.6680000000001,15.0,5.0
10108.0,1929.2160000000001,15.0,5.0
9438.0,3068.928,15.0,5.0
9469.0,3077.1240000000007,15.0,5.0
9469.0,3085.308,15.0,5.0
9391.0,3086.34,15.0,5.0
9469.0,3074.052,15.0,5.0
224.0,3.072,15.0,6.0
224.0,3.072,15.0,6.0
5.0,13.308,15.0,6.0
5.0,12.288,15.0,6.0
5.0,12.288,15.0,6.0
5.0,1.02,15.0,6.0
5.0,4.0920000000000005,15.0,6.0
5.0,13.308,15.0,6.0
5.0,4.0920000000000005,15.0,7.0
5.0,13.308,15.0,7.0
5.0,4.0920000000000005,15.0,7.0
5.0,13.308,15.0,7.0
5.0,4.0920000000000005,15.0,7.0
6.0,13.308,15.0,7.0
5.0,4.0920000000000005,15.0,7.0
6.0,13.308,15.0,7.0
5.0,4.0920000000000005,15.0,7.0
6.0,13.308,15.0,7.0
5.0,4.0920000000000005,15.0,7.0
6.0,13.308,15.0,7.0
5.0,4.0920000000000005,15.0,7.0
5.0,13.308,15.0,7.0
5.0,4.0920000000000005,15.0,7.0
5.0,14.34,15.0,7.0
5.0,4.0920000000000005,15.0,7.0
5.0,13.308,15.0,7.0
6.0,4.0920000000000005,15.0,7.0
5.0,14.34,15.0,7.0
5.0,4.0920000000000005,15.0,7.0
6.0,14.34,15.0,7.0
5.0,4.0920000000000005,15.0,7.0
5.0,14.34,15.0,7.0
5.0,4.0920000000000005,15.0,7.0
5.0,14.34,15.0,7.0
4.0,1.032,15.0,7.0
6.0,4.0920000000000005,15.0,7.0
6.0,13.308,15.0,7.0
5.0,4.0920000000000005,15.0,7.0
4.0,13.308,15.0,7.0
5.0,4.0920000000000005,15.0,7.0
5.0,14.34,15.0,7.0
5.0,4.0920000000000005,15.0,7.0
6.0,13.308,15.0,7.0
5.0,4.0920000000000005,15.0,7.0
4.0,13.308,15.0,7.0
5.0,4.0920000000000005,15.0,7.0
5.0,14.34,15.0,7.0
5.0,4.0920000000000005,15.0,7.0
6.0,13.308,15.0,7.0
5.0,4.0920000000000005,15.0,7.0
5.0,13.308,15.0,7.0
5.0,4.0920000000000005,15.0,7.0
6.0,13.308,15.0,7.0
5.0,4.0920000000000005,15.0,7.0
6.0,13.308,15.0,7.0
5.0,4.0920000000000005,15.0,7.0
6.0,13.308,15.0,7.0
6.0,4.0920000000000005,15.0,7.0
5.0,13.308,15.0,7.0
5.0,4.0920000000000005,15.0,7.0
6.0,13.308,15.0,7.0
6.0,4.0920000000000005,15.0,7.0
5.0,13.308,15.0,7.0
5.0,4.0920000000000005,15.0,7.0
6.0,13.308,15.0,7.0
5.0,4.0920000000000005,15.0,7.0
5.0,13.308,15.0,7.0
5.0,4.0920000000000005,15.0,7.0
5.0,13.308,15.0,7.0
5.0,4.0920000000000005,15.0,7.0
1472.0,1577.9879999999996,15.0,7.0
5.0,14.34,15.0,7.0
6.0,4.0920000000000005,15.0,7.0
6.0,13.308,15.0,7.0
5.0,4.0920000000000005,15.0,7.0
6.0,13.308,15.0,7.0
454.0,908.28,15.0,7.0
5.0,4.0920000000000005,15.0,7.0
5.0,13.308,15.0,7.0
5.0,4.0920000000000005,15.0,7.0
5.0,13.308,15.0,7.0
837.0,1204.236,15.0,7.0
5.0,4.0920000000000005,15.0,7.0
5.0,13.308,15.0,7.0
5.0,4.0920000000000005,15.0,7.0
5.0,4.0920000000000005,15.0,7.0
25.0,8.196000000000002,15.0,7.0
25.0,8.196000000000002,15.0,7.0
25.0,8.196000000000002,15.0,7.0
25.0,8.196000000000002,15.0,7.0
5.0,4.0920000000000005,15.0,7.0
5.0,3.072,15.0,7.0
5.0,4.0920000000000005,15.0,7.0
5.0,4.0920000000000005,15.0,7.0
5.0,4.0920000000000005,15.0,7.0
25.0,9.216000000000001,15.0,7.0
25.0,1.02,15.0,7.0
25.0,1.02,15.0,7.0
24.0,1.02,15.0,7.0
5.0,4.0920000000000005,15.0,7.0
5.0,4.0920000000000005,15.0,7.0
5.0,4.0920000000000005,15.0,7.0
5.0,4.0920000000000005,15.0,7.0
26.0,9.216000000000001,15.0,7.0
26.0,4.0920000000000005,15.0,7.0
26.0,4.0920000000000005,15.0,7.0
26.0,4.0920000000000005,15.0,7.0
5.0,4.0920000000000005,15.0,7.0
5.0,4.0920000000000005,15.0,7.0
5.0,4.0920000000000005,15.0,7.0
5.0,4.0920000000000005,15.0,8.0
5.0,4.0920000000000005,15.0,8.0
26.0,9.216000000000001,15.0,8.0
25.0,4.0920000000000005,15.0,8.0
25.0,4.0920000000000005,15.0,8.0
25.0,4.0920000000000005,15.0,8.0
5.0,4.0920000000000005,15.0,8.0
5.0,4.0920000000000005,15.0,8.0
5594.0,379.908,15.0,8.0
5.0,4.0920000000000005,15.0,8.0
6.0,4.0920000000000005,15.0,8.0
25.0,8.196000000000002,15.0,8.0
25.0,4.0920000000000005,15.0,8.0
25.0,4.0920000000000005,15.0,8.0
25.0,4.0920000000000005,15.0,8.0
5.0,4.0920000000000005,15.0,8.0
5.0,4.0920000000000005,15.0,8.0
5.0,4.0920000000000005,15.0,8.0
5.0,4.0920000000000005,15.0,8.0
25.0,9.216000000000001,15.0,8.0
5.0,4.0920000000000005,15.0,8.0
25.0,4.0920000000000005,15.0,8.0
25.0,4.0920000000000005,15.0,8.0
25.0,4.0920000000000005,15.0,8.0
301.0,598.016,15.0,8.0
5.0,4.0920000000000005,15.0,8.0
291.0,578.56,15.0,8.0
5.0,4.0920000000000005,15.0,8.0
305.0,580.6080000000001,15.0,8.0
5.0,4.0920000000000005,15.0,8.0
5.0,4.0920000000000005,15.0,8.0
25.0,9.216000000000001,15.0,8.0
25.0,4.0920000000000005,15.0,8.0
26.0,4.0920000000000005,15.0,8.0
26.0,4.0920000000000005,15.0,8.0
5.0,4.0920000000000005,15.0,8.0
5.0,4.0920000000000005,15.0,8.0
5.0,4.0920000000000005,15.0,8.0
5.0,4.0920000000000005,15.0,8.0
178904.0,139.264,15.0,8.0
25.0,8.196000000000002,15.0,8.0
24.0,4.0920000000000005,15.0,8.0
5.0,4.0920000000000005,15.0,8.0
25.0,4.0920000000000005,15.0,8.0
25.0,4.0920000000000005,15.0,8.0
5.0,4.0920000000000005,15.0,8.0
5.0,4.0920000000000005,15.0,8.0
5.0,4.0920000000000005,15.0,8.0
182409.0,192.512,15.0,8.0
5.0,4.0920000000000005,15.0,8.0
25.0,8.196000000000002,15.0,8.0
25.0,4.0920000000000005,15.0,8.0
25.0,4.0920000000000005,15.0,8.0
25.0,4.0920000000000005,15.0,8.0
5.0,4.0920000000000005,15.0,8.0
183753.0,193.53599999999997,15.0,8.0
5.0,4.0920000000000005,15.0,8.0
5.0,4.0920000000000005,15.0,8.0
18.0,130.048,15.0,8.0
6.0,4.0920000000000005,15.0,8.0
13206.0,1457.152,15.0,8.0
26.0,8.196000000000002,15.0,8.0
25.0,4.0920000000000005,15.0,8.0
25.0,4.0920000000000005,15.0,8.0
5.0,4.0920000000000005,15.0,8.0
24.0,4.0920000000000005,15.0,8.0
13155.0,1445.888,15.0,8.0
6.0,4.0920000000000005,15.0,8.0
13198.0,1457.152,15.0,8.0
5.0,4.0920000000000005,15.0,8.0
6.0,4.0920000000000005,15.0,8.0
26.0,9.216000000000001,15.0,8.0
25.0,4.0920000000000005,15.0,8.0
5.0,4.0920000000000005,15.0,8.0
25.0,4.0920000000000005,15.0,8.0
25.0,4.0920000000000005,15.0,8.0
5.0,4.0920000000000005,15.0,8.0
5.0,4.0920000000000005,15.0,8.0
5.0,4.0920000000000005,15.0,8.0
13840.0,1513.4720000000002,15.0,8.0
5.0,4.0920000000000005,15.0,8.0
14041.0,1518.592,15.0,8.0
25.0,8.196000000000002,15.0,8.0
13705.0,1513.4720000000002,15.0,8.0
25.0,4.0920000000000005,15.0,8.0
12772.0,1166.336,15.0,8.0
26.0,4.0920000000000005,15.0,8.0
26.0,4.0920000000000005,15.0,8.0
6.0,4.0920000000000005,15.0,8.0
13445.0,1204.224,15.0,8.0
13661.0,1274.88,15.0,8.0
5.0,4.0920000000000005,15.0,8.0
13119.0,1218.56,15.0,8.0
5.0,4.0920000000000005,15.0,8.0
12928.0,1127.424,15.0,8.0
5.0,4.0920000000000005,15.0,8.0
13815.0,1239.04,15.0,8.0
26.0,9.216000000000001,15.0,8.0
25.0,4.0920000000000005,15.0,8.0
6.0,4.0920000000000005,15.0,8.0
25.0,4.0920000000000005,15.0,8.0
25.0,4.0920000000000005,15.0,8.0
14566.0,1297.4080000000001,15.0,8.0
5.0,4.0920000000000005,15.0,8.0
5.0,4.0920000000000005,15.0,8.0
6.0,4.0920000000000005,15.0,8.0
13573.0,1259.52,15.0,8.0
26.0,8.196000000000002,15.0,8.0
5.0,4.0920000000000005,15.0,8.0
25.0,4.0920000000000005,15.0,8.0
25.0,4.0920000000000005,15.0,8.0
25.0,4.0920000000000005,15.0,8.0
5.0,4.0920000000000005,15.0,8.0
5.0,4.0920000000000005,15.0,8.0
27.0,7.164,15.0,8.0
13422.0,1222.656,15.0,8.0
5.0,4.0920000000000005,15.0,8.0
14577.0,1304.576,15.0,8.0
6.0,4.0920000000000005,15.0,8.0
15.0,10.236,15.0,8.0
14679.0,1539.0720000000001,15.0,8.0
14.0,4.0920000000000005,15.0,8.0
11.0,4.0920000000000005,15.0,9.0
12.0,4.0920000000000005,15.0,9.0
11434.0,1338.368,15.0,9.0
5.0,4.0920000000000005,15.0,9.0
5.0,4.0920000000000005,15.0,9.0
2156.0,74.748,15.0,9.0
1444.0,171.012,15.0,9.0
1797.0,76.80000000000003,15.0,9.0
2156.0,69.63600000000001,15.0,9.0
2156.0,98.304,15.0,9.0
1235.0,1144.8319999999999,15.0,9.0
1553.0,288.768,15.0,9.0
1521.0,285.69599999999997,15.0,9.0
1533.0,288.768,15.0,9.0
1535.0,292.86400000000003,15.0,9.0
449.0,801.7919999999999,15.0,9.0
397.0,901.1160000000001,15.0,9.0
419.0,1176.588,15.0,9.0
1837.0,1924.092,15.0,9.0
35926.0,68.604,15.0,9.0
296.0,983.052,15.0,10.0
4948.0,994.32,15.0,10.0
378.0,844.8119999999999,15.0,10.0
21.0,92.16,15.0,11.0
8396.0,2141.1839999999997,15.0,11.0
6.0,1.032,15.0,11.0
202.0,869.3639999999999,15.0,11.0
1510.0,419.838,15.0,11.0
1786.0,564.222,15.0,11.0
1779.0,523.266,15.0,11.0
311.0,51.19799999999999,15.0,11.0
311.0,61.44,15.0,11.0
1044.0,301.0560000000001,15.0,11.0
1481.0,471.042,15.0,11.0
1280.0,954.3660000000001,15.0,11.0
378.0,238.59,15.0,11.0
1010.0,361.47,15.0,11.0
36.0,183.294,15.0,11.0
1122.0,325.632,15.0,11.0
1475.0,461.82599999999996,15.0,11.0
533.0,149.502,15.0,11.0
1262.0,353.2800000000001,15.0,11.0
830.0,241.662,15.0,11.0
744.0,225.282,15.0,11.0
1116.0,280.578,15.0,11.0
1187.0,530.4300000000002,15.0,11.0
833.0,439.296,15.0,11.0
1011.0,351.2340000000001,15.0,11.0
683.0,191.49,15.0,11.0
1670.0,503.80800000000005,15.0,11.0
840.0,448.51199999999994,15.0,11.0
1058.0,295.938,15.0,11.0
959.0,264.192,15.0,11.0
1402.0,476.16,15.0,11.0
574.0,227.328,15.0,11.0
712.0,316.416,15.0,11.0
948.0,289.79400000000004,15.0,11.0
633.0,193.53599999999997,15.0,11.0
35.0,148.482,15.0,11.0
647.0,242.688,15.0,11.0
1301.0,516.096,15.0,11.0
858.0,266.238,15.0,11.0
1074.0,324.606,15.0,11.0
1481.0,504.834,15.0,11.0
1075.0,541.698,15.0,11.0
1571.0,738.306,15.0,11.0
1218.0,562.1759999999998,15.0,11.0
1205.0,506.88,15.0,11.0
2.0,669.696,15.0,11.0
845.0,464.898,15.0,12.0
309.0,897.0120000000002,15.0,12.0
80.0,1757.1960000000001,15.0,12.0
1587.0,1526.796,15.0,13.0
19.0,485.38800000000003,15.0,14.0
2432.0,1896.444,15.0,14.0
1882.0,561.156,15.0,14.0
37161.0,1873.92,15.0,15.0
1728.0,1.024,15.0,15.0
1440.0,1927.152,15.0,15.0
41492.0,75.77600000000001,15.0,15.0
39728.0,75.77600000000001,15.0,15.0
40319.0,75.77600000000001,15.0,15.0
40040.0,75.77600000000001,15.0,15.0
40552.0,75.77600000000001,15.0,15.0
40537.0,76.8,15.0,15.0
39664.0,75.77600000000001,15.0,15.0
39887.0,76.8,15.0,15.0
40167.0,76.8,15.0,15.0
39178.0,75.77600000000001,15.0,15.0
36853.0,71.68,15.0,15.0
30992.0,74.752,15.0,15.0
30983.0,74.752,15.0,15.0
29428.0,73.72800000000001,15.0,15.0
29575.0,73.72800000000001,15.0,15.0
30887.0,74.752,15.0,15.0
31541.0,74.752,15.0,15.0
31230.0,74.752,15.0,15.0
39526.0,75.77600000000001,15.0,15.0
39556.0,75.77600000000001,15.0,15.0
30843.0,74.752,15.0,15.0
29449.0,73.72800000000001,15.0,15.0
39369.0,75.77600000000001,15.0,15.0
30580.0,74.752,15.0,15.0
39171.0,75.77600000000001,15.0,15.0
10072.0,55.29600000000001,15.0,15.0
1170.0,1486.848,15.0,16.0
1008.0,468.99,15.0,17.0
1393.0,874.4939999999998,15.0,17.0
9.0,1.02,15.0,17.0
825.0,44.032,15.0,18.0
3003.0,1269.76,15.0,18.0
69.0,9.216000000000001,15.0,19.0
633.0,325.632,15.0,19.0
411.0,565.248,15.0,19.0
59.0,1.026,15.0,19.0
151.0,250.88400000000001,15.0,19.0
152.0,247.812,15.0,19.0
139.0,222.204,15.0,19.0
13129.0,1963.0079999999998,15.0,19.0
144.0,225.27599999999998,15.0,19.0
1606.0,155.65200000000002,15.0,19.0
1606.0,152.57999999999996,15.0,19.0
1606.0,149.50799999999995,15.0,19.0
13648.0,2081.7960000000007,15.0,19.0
12834.0,2146.308,15.0,19.0
55.0,1.026,15.0,19.0
674.0,232.452,15.0,20.0
681.0,248.832,15.0,20.0
676.0,241.668,15.0,20.0
680.0,240.636,15.0,20.0
52.0,3.072,15.0,20.0
875.0,581.634,15.0,20.0
1056.0,2582.526,15.0,20.0
1397.0,2448.384,15.0,21.0
841.0,2369.538,15.0,21.0
4.0,8.19,15.0,21.0
436.0,593.922,15.0,22.0
446.0,671.742,15.0,22.0
810.0,847.8720000000002,15.0,23.0
1066.0,1155.072,15.0,23.0
361.0,852.99,15.0,23.0
1160.0,813.0539999999999,15.0,23.0
140.0,449.538,15.0,23.0
450.0,900.096,15.0,23.0
915.0,1044.48,15.0,23.0
614.0,804.8639999999999,15.0,23.0
529.0,605.184,16.0,0.0
499.0,664.578,16.0,0.0
587.0,598.014,16.0,0.0
73.0,245.76,16.0,0.0
551.0,901.122,16.0,0.0
1206.0,1755.138,16.0,0.0
1332.0,1235.97,16.0,0.0
374.0,1208.322,16.0,0.0
11.0,71.68199999999999,16.0,0.0
862.0,1566.72,16.0,0.0
72.0,132.096,16.0,0.0
162.0,494.592,16.0,0.0
972.0,1352.7060000000001,16.0,1.0
647.0,747.5219999999999,16.0,1.0
738.0,1215.486,16.0,1.0
592.0,1139.712,16.0,1.0
494.0,884.7359999999999,16.0,1.0
499.0,800.7660000000002,16.0,1.0
151.0,320.514,16.0,1.0
10.0,16.386,16.0,1.0
9.0,11.262,16.0,1.0
10.0,14.334000000000001,16.0,1.0
17.0,92.16,16.0,1.0
22.0,22.53,16.0,1.0
11.0,12.288,16.0,1.0
2.0,6.144,16.0,1.0
21.0,33.792,16.0,1.0
11.0,9.216000000000001,16.0,1.0
15.0,15.36,16.0,1.0
9.0,9.216000000000001,16.0,1.0
13.0,12.288,16.0,1.0
6.0,9.216000000000001,16.0,1.0
11.0,14.334000000000001,16.0,1.0
7.0,9.216000000000001,16.0,1.0
6.0,12.288,16.0,1.0
2.0,1.026,16.0,1.0
2.0,1.026,16.0,1.0
2.0,1.026,16.0,2.0
2.0,1.026,16.0,2.0
2.0,1.026,16.0,2.0
2.0,1.026,16.0,2.0
2.0,1.026,16.0,2.0
2.0,1.026,16.0,2.0
2.0,1.026,16.0,2.0
2.0,1.026,16.0,2.0
6.0,11.262,16.0,2.0
4.0,8.19,16.0,2.0
7.0,12.288,16.0,2.0
8.0,19.458,16.0,2.0
12.0,25.602000000000004,16.0,2.0
16.0,31.746,16.0,2.0
27.0,57.342,16.0,2.0
10.0,21.504,16.0,2.0
9.0,19.458,16.0,2.0
6.0,9.216000000000001,16.0,2.0
13.0,24.576,16.0,2.0
13.0,29.694000000000003,16.0,2.0
21.0,49.152,16.0,2.0
35.0,83.97,16.0,2.0
9.0,20.477999999999998,16.0,2.0
38.0,88.06200000000001,16.0,2.0
10.0,8.19,16.0,2.0
35.0,92.16,16.0,2.0
23.0,63.486000000000004,16.0,2.0
32.0,54.27,16.0,2.0
23.0,44.034000000000006,16.0,2.0
7.0,11.262,16.0,2.0
19.0,38.91,16.0,2.0
13.0,23.55,16.0,2.0
4.0,5.118,16.0,2.0
25.0,44.034000000000006,16.0,2.0
14.0,28.674,16.0,2.0
18.0,36.864000000000004,16.0,2.0
7.0,14.334000000000001,16.0,2.0
8.0,17.406,16.0,2.0
15.0,33.792,16.0,2.0
15.0,36.864000000000004,16.0,2.0
17.0,38.91,16.0,2.0
19.0,48.12600000000001,16.0,2.0
11.0,29.694000000000003,16.0,2.0
24.0,72.702,16.0,2.0
19.0,64.512,16.0,2.0
17.0,47.106,16.0,2.0
66.0,146.43,16.0,2.0
36.0,109.566,16.0,2.0
8.0,8.19,16.0,2.0
8.0,8.19,16.0,2.0
2.0,1.026,16.0,2.0
2.0,1.026,16.0,2.0
2.0,1.026,16.0,2.0
2.0,1.026,16.0,2.0
2.0,1.026,16.0,2.0
2.0,1.026,16.0,2.0
2.0,1.026,16.0,2.0
2.0,1.026,16.0,2.0
2.0,1.026,16.0,2.0
2.0,1.026,16.0,2.0
2.0,1.026,16.0,2.0
2.0,1.026,16.0,2.0
2.0,1.026,16.0,2.0
343.0,62.475,16.0,2.0
777.0,375.80400000000003,16.0,4.0
6209.0,2213.888,16.0,4.0
1729.0,1.024,16.0,5.0
216.0,47.106,16.0,5.0
432.0,37.888000000000005,16.0,5.0
2808.0,36.864000000000004,16.0,5.0
2808.0,36.864000000000004,16.0,5.0
2808.0,36.864000000000004,16.0,5.0
2808.0,35.84,16.0,5.0
2808.0,36.864000000000004,16.0,5.0
2808.0,35.84,16.0,5.0
11881.0,33.792,16.0,5.0
120.0,32.768,16.0,5.0
120.0,32.768,16.0,5.0
120.0,32.768,16.0,5.0
120.0,32.768,16.0,5.0
94.0,1239.036,16.0,6.0
60.0,909.312,16.0,6.0
43.0,988.164,16.0,6.0
12683.0,1083.396,16.0,6.0
12475.0,2631.684,16.0,6.0
12475.0,2550.78,16.0,6.0
100424.0,2608.1279999999997,16.0,6.0
25070.0,1177.6,16.0,6.0
60.0,1368.0720000000001,16.0,8.0
1746.0,1873.908,16.0,8.0
563.0,790.5239999999999,16.0,9.0
3600.0,237.56400000000002,16.0,9.0
5490.0,1204.236,16.0,9.0
5427.0,1238.004,16.0,10.0
1286.0,271.356,16.0,11.0
15122.0,66.56,16.0,15.0
2399.0,3339.264,16.0,17.0
79.0,10.248,16.0,19.0
5511.0,11.264000000000001,17.0,3.0
34679.0,7.167999999999999,17.0,3.0
33072.0,7.167999999999999,17.0,3.0
29411.0,6.144,17.0,3.0
6236.0,3.072,17.0,3.0
34883.0,8.192,17.0,3.0
21480.0,6.144,17.0,3.0
5994.0,2.048,17.0,3.0
115633.0,520.192,17.0,4.0
129443.0,417.792,17.0,4.0
12761.0,230.4,17.0,4.0
11167.0,236.544,17.0,4.0
12956.0,231.424,17.0,4.0
10456.0,270.336,17.0,4.0
11251.0,227.328,17.0,4.0
11869.0,185.34400000000002,17.0,4.0
12051.0,223.232,17.0,4.0
8425.0,199.68,17.0,4.0
13461.0,185.34400000000002,17.0,4.0
13836.0,251.90400000000002,17.0,4.0
41482.0,3.072,17.0,4.0
2704.0,1559.556,17.0,5.0
3.0,316.416,17.0,5.0
2.0,243.71200000000002,17.0,5.0
2.0,192.512,17.0,5.0
2.0,261.12,17.0,5.0
2485.0,396.288,17.0,6.0
6403.0,235.524,17.0,6.0
1532.0,2498.562,17.0,7.0
1386.0,2433.024000000001,17.0,7.0
1493.0,2210.814,17.0,7.0
1585.0,2364.4139999999998,17.0,7.0
35.0,390.13199999999995,17.0,7.0
37.0,435.204,17.0,7.0
50.0,411.66,17.0,7.0
35.0,396.288,17.0,7.0
49.0,413.71200000000016,17.0,7.0
5709.0,940.0319999999999,17.0,7.0
5747.0,936.972,17.0,7.0
5719.0,942.084,17.0,7.0
5321.0,1157.112,17.0,7.0
5272.0,1207.296,17.0,7.0
13260.0,1545.2160000000001,17.0,9.0
1344.0,2976.768,17.0,10.0
1517.0,3002.37,17.0,10.0
19.0,1.026,17.0,10.0
1645.0,3097.6020000000008,17.0,12.0
1495.0,2893.824,17.0,14.0
54667.0,2.048,17.0,14.0
72677.0,2.048,17.0,14.0
79633.0,2.048,17.0,14.0
46404.0,2.048,17.0,14.0
55423.0,2.048,17.0,14.0
69899.0,2.048,17.0,14.0
45762.0,2.048,17.0,14.0
179805.0,2.048,17.0,14.0
179440.0,2.048,17.0,14.0
883.0,2300.928,17.0,14.0
38252.0,231.424,17.0,14.0
3217.0,54.272,17.0,14.0
1240.0,2158.59,17.0,15.0
516.0,576.516,17.0,16.0
1437.0,2326.53,17.0,16.0
1502.0,2120.706,17.0,16.0
9.0,1.02,17.0,16.0
3325.0,37.888000000000005,17.0,17.0
29288.0,38.912,17.0,17.0
29288.0,37.888000000000005,17.0,17.0
2929.0,37.888000000000005,17.0,17.0
2813.0,37.888000000000005,17.0,17.0
2929.0,37.888000000000005,17.0,17.0
2899.0,37.888000000000005,17.0,17.0
2787.0,37.888000000000005,17.0,17.0
2809.0,37.888000000000005,17.0,17.0
2929.0,37.888000000000005,17.0,17.0
2929.0,37.888000000000005,17.0,17.0
2929.0,37.888000000000005,17.0,17.0
2929.0,36.864000000000004,17.0,17.0
2929.0,36.864000000000004,17.0,17.0
2929.0,36.864000000000004,17.0,17.0
586.0,37.888000000000005,17.0,17.0
739.0,1564.674,17.0,17.0
8987.0,3050.4959999999996,17.0,17.0
13389.0,1782.78,17.0,17.0
13123.0,1869.828,17.0,17.0
145912.0,1866.756,17.0,17.0
12213.0,2115.5879999999997,17.0,17.0
12236.0,2103.3,17.0,17.0
12459.0,2082.8160000000007,17.0,17.0
12557.0,2056.188,17.0,17.0
12585.0,2045.9520000000002,17.0,17.0
12721.0,2042.88,17.0,17.0
1316.0,2335.746,17.0,17.0
839.0,2105.346,17.0,18.0
1107.0,2508.798,17.0,19.0
725.0,2202.624,17.0,19.0
78.0,10.248,17.0,19.0
1539.0,2291.712,17.0,19.0
1464.0,2057.214,17.0,20.0
1087.0,2142.21,17.0,20.0
988.0,2165.76,17.0,20.0
9.0,1.02,17.0,21.0
446.0,19.458,17.0,21.0
844.0,961.5360000000001,17.0,21.0
222.0,2.0460000000000003,17.0,22.0
720.0,796.674,17.0,22.0
824.0,812.034,17.0,23.0
672.0,756.738,18.0,0.0
864.0,867.33,18.0,1.0
643.0,1003.518,18.0,1.0
170.0,471.036,18.0,2.0
773.0,1040.382,18.0,2.0
840.0,967.68,18.0,3.0
400.0,525.312,18.0,3.0
879.0,1148.928,18.0,4.0
995.0,1112.0639999999999,18.0,4.0
2362.0,240.636,18.0,5.0
1090.0,882.69,18.0,5.0
572.0,677.8860000000001,18.0,5.0
1740.0,1844.2079999999999,18.0,6.0
1166.0,1024.002,18.0,6.0
643.0,865.278,18.0,7.0
356.0,740.352,18.0,7.0
837.0,792.576,18.0,8.0
824.0,774.1439999999999,18.0,8.0
84.0,1884.168,18.0,9.0
385.0,406.53,18.0,10.0
1724.0,1514.4840000000004,18.0,10.0
37.0,129.024,18.0,10.0
730.0,716.802,18.0,10.0
435.0,75.78,18.0,12.0
1744.0,1830.924,18.0,12.0
3332.0,1.024,18.0,13.0
3209.0,1.024,18.0,13.0
1263.0,1.024,18.0,13.0
1270.0,1.024,18.0,13.0
1369.0,1.024,18.0,13.0
17981.0,244.74,18.0,13.0
2216.0,6.144,18.0,14.0
6433.0,2.048,18.0,14.0
164.0,1085.4360000000001,18.0,16.0
16052.0,1178.628,18.0,17.0
6.0,137.22,18.0,17.0
13.0,191.484,18.0,17.0
16107.0,1183.74,18.0,17.0
16181.0,1179.6480000000001,18.0,17.0
16129.0,1171.452,18.0,17.0
16041.0,1169.4119999999998,18.0,17.0
15964.0,1170.432,18.0,17.0
15786.0,1210.368,18.0,17.0
16191.0,1177.596,18.0,17.0
3847.0,55.29600000000001,18.0,17.0
16092.0,1182.72,18.0,17.0
16131.0,1185.792,18.0,17.0
2.0,1.024,18.0,18.0
72.0,1.024,18.0,18.0
88.0,11.255999999999998,18.0,19.0
62.0,34.812,18.0,20.0
2808.0,37.888000000000005,19.0,2.0
2808.0,37.888000000000005,19.0,2.0
2808.0,37.888000000000005,19.0,2.0
2808.0,37.888000000000005,19.0,2.0
2808.0,37.888000000000005,19.0,2.0
2809.0,37.888000000000005,19.0,2.0
3248.0,1714.1760000000002,19.0,2.0
891.0,195.576,19.0,4.0
171.0,118.78799999999998,19.0,5.0
9.0,679.932,19.0,5.0
6.0,498.684,19.0,5.0
38.0,3387.3959999999997,19.0,5.0
61.0,3236.9,19.0,5.0
33.0,1.026,19.0,6.0
163.0,4937.7,19.0,7.0
202180.0,2117.632,19.0,7.0
202188.0,2864.1279999999997,19.0,7.0
3.0,1.024,19.0,7.0
76.0,7078.9079999999985,19.0,7.0
7.0,527.364,19.0,7.0
21.0,1584.132,19.0,7.0
165693.0,1679.364,19.0,7.0
168818.0,1528.836,19.0,7.0
172648.0,1640.4479999999999,19.0,7.0
13107.0,1879.0439999999999,19.0,7.0
2037.0,1704.96,19.0,7.0
6045.0,978.948,19.0,7.0
4502.0,1517.58,19.0,7.0
34196.0,250.88400000000001,19.0,8.0
64.0,3405.8,19.0,9.0
24.0,89.08800000000002,19.0,10.0
38.0,2735.1,19.0,10.0
320.0,8409.099999999999,19.0,10.0
5250.0,3.072,19.0,11.0
16755.0,7.167999999999999,19.0,11.0
4959.0,2.048,19.0,11.0
380.0,2613.252,19.0,11.0
116.0,3523.600000000001,19.0,11.0
110.0,3252.24,19.0,11.0
18.0,96.264,19.0,12.0
985.0,3615.76,19.0,12.0
251.0,2747.388,19.0,12.0
128.0,1819.644,19.0,12.0
304.0,3820.548,19.0,12.0
278.0,2400.252,19.0,12.0
345.0,4219.9079999999985,19.0,12.0
295.0,2544.636,19.0,12.0
344.0,2951.172,19.0,12.0
246.0,1930.236,19.0,12.0
92.0,1270.788,19.0,12.0
229.0,1914.876,19.0,12.0
103.0,921.6,19.0,12.0
105.0,1393.668,19.0,12.0
167.0,1370.112,19.0,12.0
108.0,1008.6360000000001,19.0,12.0
134.0,1164.288,19.0,12.0
133.0,2302.98,19.0,12.0
208.0,1847.2920000000001,19.0,12.0
144.0,1288.188,19.0,12.0
122.0,1086.468,19.0,12.0
155.0,1565.6999999999996,19.0,12.0
150.0,1375.236,19.0,12.0
227.0,1797.12,19.0,12.0
128.0,1168.38,19.0,12.0
192.0,1485.828,19.0,12.0
114.0,1275.9,19.0,12.0
163.0,1410.0479999999998,19.0,12.0
129.0,2189.3160000000007,19.0,12.0
195.0,1729.5359999999996,19.0,12.0
206.0,1872.9,19.0,12.0
196.0,1779.7079999999999,19.0,12.0
131.0,1765.38,19.0,12.0
137.0,1791.996,19.0,12.0
109.0,1035.264,19.0,12.0
165.0,2171.904,19.0,12.0
140.0,1186.812,19.0,12.0
125.0,1624.068,19.0,12.0
138.0,1247.232,19.0,12.0
179.0,1360.896,19.0,12.0
210.0,1603.5839999999998,19.0,12.0
182.0,2633.724,19.0,12.0
131.0,1652.736,19.0,12.0
159.0,3462.1440000000002,19.0,12.0
298.0,2760.708,19.0,12.0
127.0,1758.204,19.0,12.0
94.0,1386.4920000000002,19.0,12.0
131.0,1968.132,19.0,12.0
52.0,783.36,19.0,12.0
204.0,4125.696,19.0,12.0
167.0,2582.532,19.0,12.0
300.0,3186.684,19.0,12.0
324.0,3537.9240000000004,19.0,12.0
269.0,3030.012,19.0,12.0
302.0,3551.232,19.0,12.0
1795.0,9772.032,19.0,13.0
941.0,10315.776,19.0,13.0
782.0,10328.064,19.0,13.0
829.0,8049.66,19.0,13.0
843.0,8772.612000000001,19.0,13.0
846.0,10235.904,19.0,13.0
817.0,7303.164000000001,19.0,13.0
727.0,7245.827999999999,19.0,13.0
648.0,6001.668000000001,19.0,13.0
604.0,9791.484,19.0,13.0
512.0,3093.5040000000004,19.0,13.0
614.0,4112.388,19.0,13.0
727.0,5719.044,19.0,13.0
608.0,7249.92,19.0,13.0
692.0,6097.92,19.0,13.0
579.0,6823.931999999999,19.0,13.0
553.0,11086.848,19.0,13.0
699.0,3561.468,19.0,13.0
523.0,5468.16,19.0,13.0
606.0,7211.004000000001,19.0,13.0
685.0,5158.9079999999985,19.0,13.0
472.0,5758.980000000001,19.0,13.0
620.0,3648.5159999999996,19.0,13.0
948.0,12547.068000000001,19.0,13.0
670.0,10771.452,19.0,13.0
684.0,6267.9000000000015,19.0,13.0
558.0,4824.06,19.0,13.0
596.0,3436.548,19.0,13.0
617.0,4700.16,19.0,13.0
614.0,7326.719999999998,19.0,13.0
865.0,7861.2480000000005,19.0,13.0
530.0,4866.048000000002,19.0,13.0
502.0,4570.116,19.0,13.0
541.0,9349.116,19.0,13.0
537.0,7197.696,19.0,13.0
500.0,6528.0,19.0,13.0
477.0,4197.372,19.0,13.0
918.0,11343.876,19.0,13.0
767.0,6764.544,19.0,13.0
453.0,3367.9320000000002,19.0,13.0
965.0,16247.808,19.0,13.0
685.0,8434.692,19.0,13.0
514.0,4667.388,19.0,13.0
459.0,3326.9759999999997,19.0,13.0
396.0,4710.396000000002,19.0,13.0
454.0,5797.884,19.0,13.0
865.0,6593.531999999999,19.0,13.0
1267.0,13768.704000000002,19.0,13.0
590.0,8184.827999999999,19.0,13.0
754.0,5419.008000000001,19.0,13.0
555.0,6516.732,19.0,13.0
735.0,8406.011999999999,19.0,13.0
986.0,10048.511999999999,19.0,13.0
1007.0,2910.24,19.0,14.0
537.0,8.196000000000002,19.0,14.0
477.0,7.164,19.0,14.0
477.0,7.164,19.0,14.0
477.0,7.164,19.0,14.0
477.0,7.164,19.0,14.0
477.0,8.196000000000002,19.0,14.0
417.0,8.196000000000002,19.0,14.0
596.0,26.628,19.0,14.0
357.0,7.164,19.0,14.0
357.0,5.124,19.0,14.0
357.0,5.124,19.0,14.0
774.0,46.08,19.0,14.0
357.0,5.124,19.0,14.0
357.0,7.164,19.0,14.0
357.0,5.124,19.0,14.0
654.0,30.72,19.0,14.0
297.0,5.124,19.0,14.0
416.0,12.288,19.0,14.0
357.0,2.052,19.0,14.0
476.0,16.38,19.0,14.0
297.0,6.144,19.0,14.0
357.0,7.164,19.0,14.0
773.0,37.884,19.0,14.0
297.0,5.124,19.0,14.0
297.0,7.164,19.0,14.0
594.0,35.844,19.0,14.0
297.0,6.144,19.0,14.0
297.0,5.124,19.0,14.0
297.0,4.0920000000000005,19.0,14.0
297.0,5.124,19.0,14.0
475.0,19.452,19.0,14.0
534.0,17.412,19.0,14.0
356.0,2.052,19.0,14.0
653.0,27.648000000000003,19.0,14.0
297.0,6.144,19.0,14.0
297.0,7.164,19.0,14.0
297.0,5.124,19.0,14.0
297.0,6.144,19.0,14.0
829.0,41.988,19.0,14.0
26.0,4.0920000000000005,19.0,15.0
175.0,465.92400000000004,19.0,15.0
6.0,524.2919999999999,19.0,15.0
67.0,1126.404,19.0,16.0
217.0,1342.464,19.0,16.0
7347.0,3811.3320000000003,19.0,16.0
12.0,1855.476,19.0,17.0
2297.0,1646.6039999999996,19.0,17.0
2715.0,1689.588,19.0,17.0
58.0,10.24,19.0,20.0
1522.0,1639.44,19.0,23.0
568.0,46.08,19.0,23.0
